CustomerID,Predicted_Churn
3,1
7,1
11,1
13,1
14,1
22,0
28,1
29,1
30,1
31,1
33,0
39,1
41,1
42,1
53,1
54,1
55,1
56,1
61,1
62,1
63,1
64,0
65,1
66,1
68,1
69,1
72,0
77,1
87,0
95,0
97,1
100,1
102,0
109,0
116,0
120,1
129,1
130,0
134,0
135,1
140,1
142,1
143,1
144,1
149,1
150,1
157,1
158,0
161,0
164,1
180,1
181,1
190,1
192,1
194,1
195,1
198,1
203,1
204,1
212,0
216,1
221,0
225,1
228,0
231,1
232,1
243,1
253,1
255,0
256,1
275,1
280,1
282,1
288,1
291,1
295,1
297,0
300,1
301,0
302,0
312,0
313,1
316,1
324,1
327,0
334,1
335,1
344,1
347,1
352,1
353,1
354,1
356,1
362,1
364,1
368,0
376,1
377,1
380,1
382,1
384,0
385,1
386,1
392,0
393,0
394,1
396,1
400,1
405,1
407,1
410,1
411,0
412,1
414,1
420,0
422,1
423,0
424,1
425,1
430,0
432,1
434,1
436,1
442,1
443,1
447,1
448,0
450,1
451,0
458,1
459,1
461,1
463,1
465,0
468,1
481,1
485,0
486,1
488,0
489,1
492,1
493,1
499,0
500,1
502,1
508,1
512,1
519,1
525,1
526,1
527,0
532,1
533,1
534,1
535,0
540,1
542,1
543,1
545,1
548,1
552,1
555,1
556,1
559,0
561,1
562,1
565,0
566,1
570,1
571,1
574,1
576,0
578,0
580,1
584,1
593,0
594,1
598,1
602,1
605,1
614,1
615,1
628,1
630,1
639,1
640,1
644,1
651,1
653,0
656,1
660,1
664,0
665,0
667,1
674,1
675,0
677,0
678,1
680,1
681,1
686,0
688,1
689,1
690,0
691,1
692,0
696,1
697,1
698,0
700,1
708,0
712,1
713,1
714,1
717,1
718,0
720,1
731,1
733,1
737,1
742,1
743,1
747,0
755,1
756,1
758,1
759,1
761,1
762,1
763,0
765,1
767,1
775,0
776,1
779,0
781,0
782,0
783,1
784,0
785,1
787,0
788,1
794,0
797,0
798,0
801,1
802,1
803,0
809,1
810,1
815,1
822,1
824,0
829,1
832,1
835,0
837,1
843,0
845,1
847,1
851,1
854,1
861,1
867,1
868,1
871,1
874,1
875,1
877,0
879,1
881,1
885,0
889,1
891,0
893,1
898,0
899,1
900,0
901,0
905,1
907,1
911,1
912,1
914,0
916,0
917,0
918,0
920,1
924,1
926,0
927,1
938,0
939,0
940,1
943,1
946,1
954,1
955,1
957,1
965,1
971,1
975,1
980,1
981,1
985,1
989,1
991,0
992,1
993,1
994,1
1000,1
1007,1
1009,1
1020,1
1022,0
1027,1
1028,1
1032,1
1033,1
1034,0
1036,1
1038,1
1041,1
1045,0
1047,1
1049,1
1052,1
1053,1
1054,0
1055,1
1056,1
1059,1
1062,1
1071,1
1078,0
1079,1
1085,0
1086,0
1087,1
1089,1
1091,1
1093,1
1096,1
1101,1
1102,1
1104,1
1105,1
1107,0
1112,1
1116,0
1117,1
1118,1
1119,1
1121,1
1122,1
1123,0
1128,0
1129,0
1132,1
1135,1
1137,1
1138,0
1142,0
1143,1
1144,1
1146,0
1150,0
1151,1
1152,0
1154,1
1157,0
1162,1
1167,1
1170,1
1172,1
1173,1
1178,0
1181,1
1183,1
1186,0
1196,0
1197,1
1205,1
1208,0
1213,1
1214,1
1216,1
1221,1
1223,1
1225,1
1229,0
1232,1
1234,0
1237,1
1238,1
1241,1
1245,0
1248,0
1253,1
1254,1
1265,1
1270,1
1273,1
1279,1
1283,0
1288,0
1290,0
1291,1
1294,1
1300,1
1301,1
1302,0
1311,1
1313,0
1316,0
1324,1
1325,1
1326,1
1330,0
1332,1
1336,1
1338,0
1340,1
1345,1
1348,0
1351,1
1356,1
1361,1
1364,1
1366,1
1372,1
1377,1
1378,1
1380,1
1381,1
1382,1
1385,1
1387,1
1389,1
1390,1
1391,0
1395,1
1402,0
1406,1
1407,0
1414,1
1415,0
1416,1
1419,1
1421,1
1425,0
1429,1
1430,0
1433,1
1434,0
1435,1
1436,1
1439,1
1441,0
1443,1
1444,1
1447,1
1454,0
1457,1
1458,0
1460,1
1468,1
1469,1
1479,1
1493,1
1502,1
1508,0
1510,1
1514,0
1515,1
1517,1
1519,1
1521,0
1522,0
1525,1
1527,0
1538,0
1539,1
1543,1
1547,0
1548,0
1549,1
1551,1
1555,1
1560,1
1562,1
1564,1
1565,1
1567,1
1568,0
1570,1
1573,1
1574,1
1577,1
1580,1
1581,1
1582,1
1588,0
1590,1
1593,0
1594,1
1595,0
1598,0
1603,1
1604,0
1607,1
1622,1
1624,1
1629,1
1632,0
1633,1
1634,0
1636,0
1638,1
1640,1
1645,1
1646,1
1654,1
1656,0
1659,0
1664,1
1665,1
1673,0
1674,1
1676,0
1680,0
1692,0
1693,1
1696,1
1700,1
1702,0
1708,0
1713,0
1717,1
1720,1
1721,1
1732,1
1743,1
1746,1
1749,0
1750,1
1756,1
1758,1
1759,0
1763,1
1766,0
1769,1
1770,0
1779,1
1780,0
1783,1
1786,1
1788,1
1789,1
1790,1
1791,1
1797,1
1798,1
1799,1
1800,1
1801,1
1803,1
1807,1
1814,1
1815,0
1818,1
1820,0
1825,1
1827,1
1833,0
1835,1
1841,0
1848,0
1849,1
1850,1
1851,1
1853,1
1854,1
1855,1
1861,1
1863,0
1865,0
1866,1
1867,1
1880,0
1882,1
1884,0
1895,1
1899,0
1902,0
1904,1
1905,1
1907,1
1908,1
1910,1
1911,1
1912,1
1914,0
1918,0
1921,1
1929,0
1931,1
1935,1
1936,1
1938,1
1942,0
1947,1
1948,1
1949,1
1950,0
1956,1
1957,1
1959,0
1960,1
1962,0
1970,1
1972,1
1974,0
1977,0
1979,1
1980,1
1986,1
1990,1
1994,1
2001,1
2004,1
2006,0
2008,0
2011,1
2012,1
2015,1
2016,1
2020,0
2021,1
2023,0
2025,0
2029,1
2032,1
2037,1
2038,1
2040,0
2043,1
2044,1
2046,1
2047,1
2048,0
2049,1
2051,1
2054,1
2056,0
2066,1
2067,0
2071,1
2073,1
2076,1
2078,0
2080,0
2082,1
2087,1
2089,1
2092,1
2094,1
2097,1
2103,1
2120,1
2126,1
2132,1
2134,1
2135,1
2141,1
2144,1
2147,1
2148,1
2153,0
2154,1
2156,0
2158,1
2161,0
2164,0
2169,1
2177,1
2179,1
2181,1
2187,1
2190,1
2191,0
2197,1
2198,1
2199,1
2203,1
2204,1
2206,1
2210,1
2211,1
2215,1
2218,0
2221,0
2224,1
2225,1
2236,1
2247,0
2249,1
2251,1
2253,0
2261,1
2262,1
2264,1
2267,1
2268,1
2269,1
2274,1
2275,1
2277,1
2279,1
2280,1
2283,0
2287,1
2289,1
2300,1
2303,1
2306,1
2307,1
2316,1
2317,1
2319,1
2321,1
2322,1
2324,1
2325,1
2329,0
2334,1
2337,1
2355,1
2357,1
2360,1
2362,1
2363,1
2365,0
2371,1
2373,1
2375,1
2376,0
2381,1
2382,1
2384,1
2392,1
2393,1
2394,0
2396,1
2404,0
2406,0
2409,0
2412,1
2413,1
2415,1
2418,1
2423,1
2425,1
2428,1
2433,0
2436,1
2439,1
2441,1
2446,1
2448,1
2449,1
2456,1
2457,1
2458,0
2463,1
2465,0
2466,1
2469,1
2487,0
2498,1
2499,0
2500,1
2502,1
2504,0
2518,1
2523,1
2531,1
2532,1
2533,0
2534,1
2539,1
2545,0
2546,1
2557,0
2560,0
2562,1
2564,1
2570,1
2571,1
2574,1
2575,1
2576,1
2577,1
2578,0
2583,1
2585,0
2590,1
2591,1
2593,0
2596,1
2597,1
2598,1
2603,0
2604,1
2608,1
2610,1
2611,1
2613,1
2617,0
2623,1
2634,1
2636,1
2643,0
2644,1
2646,1
2647,1
2648,1
2654,0
2660,0
2661,1
2669,1
2671,1
2675,0
2677,1
2680,1
2683,0
2688,1
2689,1
2690,1
2691,1
2698,1
2700,0
2701,1
2707,0
2708,1
2709,1
2712,1
2718,1
2723,0
2727,1
2733,0
2738,0
2742,1
2745,0
2751,0
2754,1
2758,0
2760,1
2770,0
2772,1
2774,0
2776,1
2778,0
2779,1
2786,1
2788,1
2789,0
2791,1
2801,1
2805,1
2812,1
2815,1
2817,0
2823,1
2824,1
2827,1
2828,0
2829,1
2835,0
2837,0
2843,0
2855,1
2856,1
2858,1
2863,1
2865,1
2866,1
2869,1
2870,1
2871,0
2872,0
2873,1
2877,0
2878,1
2880,1
2881,0
2883,0
2885,1
2888,0
2890,1
2891,0
2892,1
2893,1
2895,0
2898,1
2900,1
2901,1
2904,1
2908,1
2910,1
2911,1
2916,1
2917,1
2929,0
2935,1
2943,0
2946,1
2947,1
2954,1
2963,1
2965,0
2970,0
2971,1
2972,1
2973,1
2975,1
2978,1
2979,1
2980,1
2984,1
2985,0
2988,1
2990,1
2991,1
2996,1
2999,1
3005,1
3007,1
3010,1
3016,1
3017,1
3021,0
3022,1
3026,1
3028,0
3032,1
3036,1
3037,1
3041,0
3047,1
3051,1
3052,0
3053,1
3055,1
3063,1
3072,0
3074,1
3078,1
3079,1
3081,1
3082,1
3085,1
3086,1
3089,1
3090,1
3094,1
3095,1
3097,1
3098,1
3101,1
3104,1
3109,0
3112,1
3115,0
3116,0
3119,1
3121,1
3128,1
3132,1
3140,1
3142,1
3145,1
3158,1
3161,1
3162,1
3164,1
3165,1
3168,1
3172,1
3174,1
3175,1
3178,0
3182,1
3188,1
3189,1
3191,1
3197,1
3202,1
3205,0
3210,1
3213,0
3217,0
3218,0
3220,1
3223,0
3226,0
3231,1
3232,1
3235,0
3238,1
3243,1
3249,1
3251,0
3252,1
3255,1
3265,1
3267,1
3269,0
3274,1
3277,1
3279,0
3281,1
3288,1
3291,1
3293,1
3296,1
3301,0
3304,1
3312,0
3314,1
3319,1
3321,1
3322,0
3327,1
3328,1
3329,1
3336,1
3341,1
3344,1
3350,1
3353,1
3355,1
3356,1
3357,1
3358,0
3361,1
3364,0
3370,1
3378,1
3379,1
3390,0
3392,0
3396,1
3398,1
3405,1
3413,0
3414,1
3421,0
3422,1
3424,0
3425,1
3432,0
3433,1
3435,1
3438,0
3440,0
3442,0
3444,1
3445,0
3447,0
3448,0
3452,1
3457,1
3458,1
3462,0
3464,0
3467,1
3468,1
3470,1
3471,0
3473,1
3480,0
3481,0
3487,1
3490,1
3493,1
3495,1
3498,1
3500,1
3505,1
3508,0
3510,1
3511,1
3512,1
3513,1
3514,0
3516,1
3517,1
3525,0
3526,1
3533,1
3536,1
3539,0
3540,1
3542,0
3545,1
3549,1
3558,1
3566,0
3567,1
3571,1
3573,1
3574,0
3576,0
3579,1
3580,1
3588,1
3589,1
3591,1
3595,1
3600,1
3603,1
3604,1
3608,0
3611,1
3613,0
3614,1
3620,1
3622,0
3623,0
3625,1
3628,1
3638,0
3640,0
3644,1
3645,1
3652,1
3655,1
3660,1
3663,0
3664,1
3665,1
3666,1
3677,1
3682,1
3683,1
3685,1
3686,1
3695,0
3697,1
3704,0
3706,1
3708,1
3716,1
3719,1
3720,1
3722,1
3723,1
3725,1
3729,1
3730,1
3732,0
3735,1
3738,0
3741,1
3745,1
3747,1
3748,1
3750,1
3751,1
3753,1
3756,0
3758,1
3761,1
3765,0
3767,1
3770,1
3771,0
3773,1
3776,1
3779,0
3783,1
3790,0
3794,1
3802,0
3810,0
3822,1
3826,1
3828,1
3829,1
3834,1
3836,1
3840,1
3847,1
3853,1
3859,0
3864,1
3866,1
3867,0
3868,1
3873,1
3874,1
3875,1
3876,0
3878,0
3879,1
3880,1
3890,1
3897,1
3903,0
3907,1
3911,1
3913,1
3914,1
3925,0
3928,1
3932,1
3933,1
3934,1
3939,1
3943,1
3948,1
3958,1
3962,1
3963,1
3965,0
3967,1
3969,1
3970,1
3976,1
3981,0
3987,1
3990,1
3992,1
4005,1
4008,0
4015,0
4019,1
4021,0
4025,1
4028,1
4030,1
4032,1
4036,1
4038,1
4040,1
4048,0
4049,1
4050,1
4051,1
4054,0
4061,1
4070,0
4071,0
4072,0
4075,1
4079,0
4085,0
4087,1
4088,0
4089,1
4090,0
4094,0
4100,0
4102,1
4111,1
4113,1
4115,1
4116,1
4128,0
4130,0
4131,1
4134,1
4135,1
4136,1
4137,1
4142,1
4143,1
4148,0
4150,0
4154,1
4156,0
4159,0
4161,1
4173,1
4177,1
4183,0
4185,1
4188,1
4191,1
4196,1
4201,0
4203,1
4211,1
4218,0
4229,0
4233,1
4234,1
4236,1
4242,1
4245,1
4246,1
4249,1
4257,1
4258,1
4259,1
4275,1
4276,0
4280,1
4283,0
4284,1
4287,0
4289,1
4292,1
4293,1
4303,1
4306,1
4308,1
4312,0
4315,0
4318,1
4319,1
4323,1
4324,1
4329,1
4331,1
4336,1
4337,1
4338,1
4341,0
4343,1
4344,1
4346,1
4354,1
4360,0
4363,1
4367,0
4368,1
4371,0
4373,1
4378,1
4385,1
4387,0
4389,1
4392,1
4409,0
4415,1
4419,1
4424,1
4427,1
4431,1
4435,1
4436,1
4437,1
4441,1
4446,1
4448,1
4461,1
4462,1
4464,1
4465,0
4466,1
4469,1
4471,1
4473,1
4477,1
4480,1
4487,1
4489,1
4493,1
4494,1
4497,1
4498,1
4499,0
4508,1
4510,0
4513,0
4516,1
4517,1
4518,1
4519,1
4522,0
4524,0
4531,0
4535,1
4537,1
4538,1
4539,1
4544,1
4546,1
4547,1
4548,1
4549,1
4550,1
4551,1
4553,1
4555,0
4560,1
4564,1
4565,1
4571,0
4572,1
4574,0
4578,1
4579,1
4580,1
4582,1
4588,1
4590,1
4592,1
4597,1
4603,1
4607,1
4608,1
4609,1
4613,1
4614,1
4617,1
4622,1
4627,1
4629,1
4630,1
4634,1
4636,0
4637,0
4638,0
4643,1
4644,1
4646,1
4648,1
4651,1
4655,0
4660,1
4662,1
4680,1
4682,1
4685,0
4688,1
4694,1
4697,1
4699,1
4703,0
4704,1
4706,1
4708,1
4715,1
4717,1
4719,1
4721,1
4723,0
4735,0
4739,1
4740,1
4745,1
4749,0
4750,0
4753,0
4762,1
4763,1
4764,1
4768,0
4770,1
4776,1
4779,0
4782,0
4785,1
4788,1
4793,1
4795,0
4806,0
4811,1
4816,1
4817,0
4819,1
4820,0
4825,0
4843,0
4844,1
4847,1
4849,1
4851,1
4852,1
4855,0
4856,1
4859,1
4860,0
4863,0
4872,1
4873,0
4880,0
4883,1
4886,1
4890,1
4891,1
4895,0
4896,1
4898,1
4902,1
4904,1
4905,1
4906,1
4907,0
4910,0
4917,1
4920,1
4921,1
4922,1
4926,1
4932,1
4933,1
4935,1
4938,0
4945,1
4947,1
4949,1
4951,1
4952,1
4960,1
4969,1
4975,1
4976,1
4979,1
4980,1
4987,1
4998,0
5002,1
5003,1
5004,1
5005,0
5008,1
5015,1
5018,1
5019,1
5022,0
5029,1
5030,0
5032,1
5035,1
5045,1
5047,1
5051,1
5055,1
5058,1
5069,0
5074,1
5078,0
5079,1
5082,1
5084,1
5086,1
5090,1
5093,1
5094,0
5097,1
5103,1
5104,1
5108,0
5110,1
5111,1
5115,1
5125,0
5132,1
5135,1
5144,1
5146,0
5150,1
5153,0
5159,1
5160,1
5162,0
5172,1
5176,1
5179,1
5182,1
5205,0
5209,1
5212,1
5214,1
5215,1
5222,0
5224,1
5225,1
5229,1
5230,1
5232,1
5245,1
5246,1
5251,1
5252,1
5253,1
5262,1
5263,1
5265,0
5269,1
5273,1
5278,1
5279,1
5284,1
5285,1
5294,0
5295,1
5296,0
5302,0
5318,0
5322,0
5324,0
5330,1
5331,1
5336,1
5337,0
5338,0
5339,1
5341,1
5348,1
5349,0
5351,1
5352,1
5353,0
5354,1
5357,1
5363,1
5364,1
5365,0
5372,1
5377,1
5379,1
5381,0
5382,0
5384,1
5390,0
5392,0
5394,1
5396,1
5397,1
5403,1
5404,1
5413,0
5414,0
5416,1
5418,1
5421,1
5424,1
5425,0
5428,1
5434,0
5436,0
5438,1
5441,1
5442,1
5446,0
5447,1
5451,1
5454,1
5457,0
5458,0
5465,0
5469,1
5472,1
5474,1
5481,0
5487,1
5490,1
5499,0
5501,1
5506,1
5508,1
5510,0
5513,0
5515,1
5517,0
5520,1
5521,1
5522,0
5523,0
5525,1
5533,1
5534,0
5535,1
5539,1
5541,1
5544,1
5545,1
5547,0
5548,0
5549,0
5554,1
5556,1
5558,1
5561,1
5564,0
5565,1
5566,1
5567,1
5571,1
5578,1
5584,1
5586,1
5588,1
5590,1
5595,0
5600,1
5604,1
5609,1
5612,0
5614,1
5617,0
5618,0
5621,0
5626,1
5638,0
5639,1
5642,1
5644,0
5647,0
5655,1
5656,1
5665,1
5666,1
5668,0
5669,0
5672,1
5673,1
5674,0
5684,1
5687,1
5697,1
5704,1
5708,1
5714,1
5715,1
5718,0
5720,0
5722,1
5724,1
5729,1
5730,1
5733,1
5737,1
5739,1
5741,1
5747,1
5749,0
5750,1
5753,1
5760,0
5761,0
5762,1
5763,0
5768,0
5771,0
5772,1
5773,1
5776,1
5778,1
5781,1
5782,0
5784,1
5786,1
5787,1
5792,1
5794,1
5803,1
5804,0
5807,0
5811,1
5813,1
5817,1
5821,1
5822,1
5823,1
5826,0
5827,1
5833,0
5836,1
5838,1
5839,1
5846,1
5849,0
5854,1
5857,1
5862,1
5870,1
5874,1
5877,1
5893,1
5897,1
5898,1
5900,1
5901,1
5902,1
5903,0
5915,1
5916,1
5917,1
5920,1
5929,1
5931,1
5933,1
5936,0
5940,1
5945,0
5946,1
5948,1
5951,1
5953,1
5957,0
5960,0
5968,1
5972,1
5977,1
5978,0
5981,1
5984,1
5985,1
5991,1
5995,1
5998,1
6002,1
6003,1
6005,0
6008,1
6015,1
6019,1
6024,1
6026,1
6035,1
6042,0
6043,1
6047,1
6050,0
6053,1
6067,0
6074,1
6075,1
6080,1
6081,0
6085,0
6086,1
6088,1
6090,1
6091,1
6094,1
6095,1
6097,1
6098,0
6100,0
6103,1
6104,1
6112,1
6113,1
6114,1
6115,1
6117,1
6118,1
6119,1
6120,1
6122,0
6125,1
6131,0
6132,1
6138,1
6146,1
6147,1
6149,1
6151,0
6158,1
6163,1
6165,1
6166,0
6170,1
6172,0
6173,1
6176,1
6179,1
6180,1
6187,1
6188,1
6190,0
6191,1
6197,0
6199,1
6206,0
6211,0
6217,1
6221,1
6222,1
6225,0
6227,0
6237,1
6238,0
6243,1
6246,1
6247,1
6249,1
6257,1
6258,0
6262,1
6265,0
6272,1
6273,0
6276,1
6280,1
6288,1
6289,0
6290,0
6292,1
6293,1
6295,1
6299,1
6305,1
6309,0
6310,1
6311,1
6314,1
6319,1
6320,1
6324,1
6325,1
6327,0
6330,1
6333,1
6334,1
6342,1
6343,0
6344,1
6345,1
6350,1
6357,0
6359,1
6360,1
6364,1
6368,1
6369,1
6373,1
6374,0
6379,1
6381,1
6384,0
6386,1
6387,1
6388,1
6390,0
6392,0
6394,1
6397,1
6399,1
6407,1
6409,1
6413,1
6414,1
6415,1
6416,0
6418,1
6424,1
6429,1
6431,1
6432,0
6434,0
6436,1
6440,1
6441,1
6446,1
6449,0
6450,1
6457,1
6468,1
6470,0
6472,1
6473,1
6474,1
6475,1
6480,0
6481,1
6489,1
6490,0
6494,1
6495,1
6497,1
6500,1
6503,0
6506,1
6509,1
6510,1
6517,0
6520,1
6521,1
6522,1
6527,1
6530,1
6531,0
6532,1
6533,0
6535,1
6539,1
6548,1
6555,1
6556,1
6563,0
6564,1
6565,1
6568,1
6570,0
6574,0
6575,1
6576,0
6580,1
6588,1
6592,1
6595,1
6601,1
6604,0
6614,1
6620,1
6621,1
6626,1
6627,1
6634,1
6637,0
6638,1
6643,1
6653,1
6659,1
6662,1
6672,1
6676,0
6678,1
6684,1
6686,1
6690,1
6701,1
6702,0
6710,0
6713,1
6717,1
6718,0
6722,1
6723,0
6727,1
6733,1
6735,0
6736,0
6741,1
6742,1
6745,0
6750,1
6753,1
6754,0
6757,1
6759,0
6762,1
6763,1
6765,0
6769,0
6775,1
6776,1
6779,0
6781,1
6791,1
6794,1
6797,0
6801,1
6802,1
6803,0
6810,0
6814,1
6816,0
6818,1
6822,1
6828,1
6834,1
6835,1
6836,1
6839,1
6840,1
6842,1
6849,0
6853,1
6854,1
6855,0
6856,1
6857,0
6858,1
6859,1
6869,1
6874,0
6887,1
6892,0
6893,0
6898,1
6900,0
6904,1
6908,1
6909,0
6911,0
6913,1
6918,1
6920,1
6926,1
6928,1
6930,0
6937,1
6948,1
6952,1
6958,0
6959,1
6967,1
6968,1
6972,0
6973,0
6977,1
6979,1
6981,0
6982,1
6989,1
6990,1
6991,1
6993,1
6995,0
7001,1
7010,1
7012,1
7014,1
7019,1
7022,1
7024,0
7025,1
7026,1
7029,1
7030,1
7033,1
7038,1
7040,1
7043,0
7046,1
7048,1
7051,1
7058,1
7063,1
7067,1
7073,0
7076,1
7077,1
7078,1
7084,1
7088,0
7094,1
7095,1
7098,0
7100,1
7101,1
7102,1
7107,0
7108,1
7109,0
7112,1
7114,0
7125,1
7127,1
7133,1
7134,1
7137,1
7141,1
7142,1
7144,1
7145,1
7146,1
7147,0
7154,1
7155,1
7156,0
7160,1
7161,0
7163,1
7175,0
7183,0
7184,1
7185,0
7192,1
7194,1
7195,1
7196,0
7206,1
7207,1
7208,0
7209,0
7210,1
7211,1
7212,1
7220,1
7222,0
7227,0
7231,1
7236,1
7242,1
7244,1
7246,1
7255,0
7256,1
7263,1
7267,1
7275,1
7277,1
7284,1
7290,0
7292,1
7294,1
7299,1
7300,1
7311,1
7312,1
7314,1
7315,1
7318,1
7319,1
7320,1
7321,0
7322,1
7325,1
7327,1
7332,1
7333,1
7338,1
7341,0
7345,1
7353,1
7358,0
7361,1
7362,1
7366,1
7369,1
7373,1
7378,1
7381,1
7385,1
7394,1
7396,0
7402,1
7409,1
7411,0
7414,1
7415,1
7417,1
7419,0
7420,0
7422,1
7427,1
7428,1
7429,1
7433,1
7436,1
7438,1
7442,1
7443,1
7444,1
7445,0
7447,1
7452,0
7458,1
7469,1
7482,1
7483,1
7484,0
7485,1
7488,1
7489,0
7497,1
7499,0
7504,0
7505,1
7506,0
7508,1
7509,1
7513,1
7515,1
7516,0
7517,1
7519,1
7524,1
7526,1
7537,1
7541,1
7542,0
7545,0
7547,1
7548,1
7550,1
7555,1
7557,1
7558,1
7562,1
7567,1
7569,1
7575,1
7577,1
7578,1
7587,1
7588,1
7593,1
7595,1
7596,1
7605,1
7607,1
7612,1
7614,1
7616,1
7618,1
7620,1
7628,1
7635,0
7639,0
7640,1
7648,0
7649,0
7650,1
7659,0
7664,1
7665,1
7666,1
7672,1
7677,1
7678,0
7686,1
7688,1
7689,1
7690,1
7691,1
7714,1
7721,1
7723,1
7725,1
7726,0
7727,0
7730,1
7735,1
7736,1
7737,1
7739,1
7742,1
7744,1
7746,0
7748,1
7754,1
7755,1
7758,0
7764,1
7765,1
7767,1
7776,0
7779,1
7784,0
7788,1
7793,1
7798,1
7799,1
7804,1
7807,1
7808,1
7809,0
7812,1
7814,0
7820,1
7822,1
7825,1
7828,0
7830,1
7832,1
7833,1
7845,1
7850,1
7858,1
7861,0
7863,0
7877,1
7882,1
7886,1
7894,1
7902,1
7903,1
7907,1
7908,0
7915,1
7916,1
7917,0
7920,1
7921,0
7923,1
7925,0
7927,1
7931,0
7939,1
7946,0
7947,1
7950,1
7958,1
7960,0
7961,0
7962,1
7965,1
7967,1
7968,1
7974,1
7979,1
7986,1
7990,0
7991,1
7992,1
7993,1
7995,1
8003,1
8006,1
8008,1
8009,1
8011,1
8012,0
8014,1
8015,1
8018,1
8020,1
8023,0
8027,1
8035,1
8039,1
8044,1
8063,1
8069,1
8070,1
8074,1
8075,1
8084,1
8085,1
8088,1
8092,1
8093,1
8094,1
8096,0
8097,1
8099,1
8107,1
8108,0
8109,1
8114,1
8117,1
8120,1
8122,0
8123,1
8126,1
8127,1
8128,1
8130,0
8133,1
8139,0
8142,0
8148,1
8151,0
8155,1
8158,1
8161,1
8168,0
8173,1
8175,1
8176,0
8185,1
8191,1
8192,1
8194,0
8204,1
8207,1
8212,1
8216,1
8221,1
8223,0
8224,1
8228,1
8231,1
8236,1
8237,0
8239,1
8240,1
8244,1
8245,1
8250,1
8257,1
8264,0
8271,1
8275,1
8276,0
8280,1
8281,0
8283,1
8284,1
8285,1
8287,1
8293,1
8298,0
8301,1
8302,1
8303,1
8306,1
8307,1
8308,1
8311,1
8315,1
8317,1
8322,1
8326,1
8327,1
8331,1
8333,1
8334,1
8335,1
8341,1
8344,1
8347,1
8348,0
8349,1
8353,1
8357,1
8358,0
8359,1
8362,0
8363,1
8370,1
8372,1
8373,1
8378,0
8382,1
8385,0
8386,1
8387,1
8388,1
8392,1
8395,1
8398,0
8399,1
8400,0
8401,0
8410,0
8411,1
8412,1
8418,1
8419,1
8420,1
8422,1
8424,1
8426,1
8427,1
8435,1
8438,1
8439,1
8440,0
8443,1
8445,0
8448,1
8450,1
8452,0
8455,1
8456,0
8458,1
8459,1
8463,1
8467,1
8468,0
8471,0
8472,0
8473,0
8480,1
8481,1
8482,1
8484,1
8487,0
8493,1
8496,1
8498,0
8507,1
8508,1
8512,0
8513,1
8514,1
8519,1
8520,1
8526,1
8530,1
8533,0
8534,1
8544,1
8546,1
8547,1
8548,1
8553,1
8556,0
8557,0
8563,0
8564,1
8566,1
8577,1
8579,1
8583,1
8584,1
8588,0
8592,0
8597,0
8602,1
8603,1
8605,0
8606,1
8607,1
8609,1
8612,1
8613,1
8614,0
8616,1
8617,1
8619,1
8623,1
8628,1
8633,1
8639,1
8644,1
8647,1
8653,1
8654,1
8657,1
8662,1
8663,1
8666,0
8668,1
8670,1
8671,1
8673,1
8674,0
8677,0
8681,1
8682,0
8683,0
8684,0
8686,1
8694,1
8698,1
8700,0
8702,1
8705,0
8711,1
8712,1
8715,0
8721,1
8722,1
8728,1
8730,1
8741,1
8743,1
8745,1
8746,1
8747,0
8748,1
8749,1
8751,0
8758,1
8760,1
8761,1
8766,1
8769,1
8770,0
8777,1
8789,1
8790,1
8798,1
8800,1
8806,1
8808,1
8812,1
8813,0
8814,0
8816,0
8817,1
8825,1
8827,1
8830,1
8832,1
8835,1
8836,1
8837,1
8844,1
8850,1
8854,0
8855,1
8866,1
8867,0
8872,0
8873,1
8875,1
8877,1
8878,0
8879,1
8880,0
8884,1
8887,0
8888,1
8891,1
8893,0
8898,0
8903,1
8911,1
8913,1
8914,1
8919,1
8920,1
8925,0
8929,0
8930,1
8935,0
8942,1
8950,1
8959,1
8960,1
8961,0
8962,1
8963,1
8965,1
8968,0
8973,0
8979,0
8982,1
8984,1
8986,1
8989,1
8990,0
8991,1
8993,1
8994,1
8997,1
9001,1
9004,1
9006,1
9008,1
9011,1
9015,1
9016,1
9020,0
9024,0
9025,1
9029,1
9030,0
9034,0
9035,1
9036,1
9038,1
9040,1
9041,1
9053,1
9058,1
9060,0
9061,1
9065,0
9067,1
9069,1
9070,1
9076,1
9078,1
9080,0
9081,0
9085,1
9086,1
9087,1
9100,1
9104,0
9109,1
9110,0
9112,1
9119,1
9120,1
9121,0
9122,1
9125,1
9132,1
9133,0
9134,1
9135,1
9140,1
9144,0
9145,1
9146,1
9148,1
9150,0
9151,1
9152,1
9153,1
9155,1
9161,0
9162,1
9166,1
9167,0
9168,1
9180,0
9184,0
9189,1
9192,0
9195,1
9199,1
9207,1
9212,1
9215,1
9217,0
9218,0
9219,1
9220,0
9223,0
9224,1
9225,1
9226,1
9229,1
9237,1
9240,1
9241,1
9246,1
9250,1
9252,1
9259,1
9272,1
9273,0
9275,1
9276,0
9277,1
9278,0
9283,1
9284,1
9292,1
9295,0
9301,0
9304,1
9310,1
9312,1
9320,1
9321,1
9325,1
9326,1
9329,1
9336,1
9337,0
9347,1
9349,0
9350,1
9353,1
9355,0
9357,1
9362,1
9364,1
9372,1
9373,1
9375,1
9387,1
9390,0
9393,1
9394,0
9404,1
9408,0
9410,1
9417,1
9420,1
9421,1
9422,1
9425,1
9426,1
9428,0
9429,1
9439,1
9441,1
9442,0
9443,0
9444,1
9451,0
9454,1
9455,1
9461,1
9464,1
9471,1
9472,1
9475,1
9477,1
9482,1
9494,1
9504,0
9506,1
9508,0
9509,1
9511,1
9512,1
9513,0
9514,1
9515,1
9516,1
9517,0
9518,1
9520,1
9523,0
9526,1
9528,1
9533,1
9534,0
9535,1
9536,1
9539,1
9541,1
9544,1
9550,0
9551,1
9552,1
9554,0
9555,1
9556,1
9558,0
9561,1
9563,1
9564,1
9569,1
9573,0
9576,1
9577,1
9579,0
9580,0
9587,0
9588,1
9589,1
9591,1
9594,1
9596,1
9601,1
9612,1
9615,0
9620,1
9621,1
9625,1
9626,1
9627,1
9647,1
9649,1
9650,0
9652,1
9653,1
9658,1
9659,1
9660,1
9661,1
9663,1
9665,1
9666,1
9674,1
9679,0
9680,1
9682,1
9686,1
9687,1
9688,1
9692,1
9693,1
9699,1
9704,0
9707,1
9709,1
9710,1
9716,0
9718,0
9725,1
9727,1
9731,0
9737,1
9740,1
9748,1
9750,1
9753,1
9756,0
9758,1
9760,1
9764,1
9765,1
9768,1
9769,1
9770,1
9771,1
9775,1
9785,1
9791,1
9792,1
9795,1
9797,1
9800,1
9802,1
9804,1
9809,1
9810,0
9812,0
9817,0
9821,1
9824,0
9825,1
9827,1
9829,1
9830,1
9833,1
9840,1
9842,1
9846,1
9847,1
9850,1
9855,1
9858,1
9861,1
9868,0
9877,0
9878,1
9879,1
9882,1
9887,1
9896,1
9897,0
9898,1
9905,0
9906,1
9907,1
9919,0
9924,1
9929,1
9931,0
9932,1
9938,0
9942,1
9943,1
9949,1
9952,1
9953,0
9958,1
9967,1
9973,0
9978,0
9981,1
9982,1
9987,0
9994,1
9995,1
10001,0
10002,0
10005,1
10013,0
10014,0
10015,0
10019,0
10021,0
10028,1
10033,1
10034,0
10038,1
10039,1
10043,0
10048,1
10049,0
10051,0
10052,1
10054,0
10056,1
10058,0
10059,0
10060,1
10061,0
10062,1
10063,1
10064,1
10070,1
10072,1
10073,1
10077,1
10078,1
10081,0
10089,0
10090,1
10091,1
10105,0
10117,1
10119,1
10123,1
10126,1
10127,1
10131,0
10135,0
10150,1
10162,1
10171,1
10173,1
10175,0
10178,1
10179,1
10186,0
10193,1
10201,0
10203,1
10205,0
10207,1
10211,0
10219,1
10220,1
10221,1
10227,1
10228,1
10234,1
10236,1
10240,1
10242,1
10244,0
10247,1
10248,0
10249,1
10254,1
10259,1
10262,1
10270,0
10272,1
10274,1
10275,1
10276,1
10277,0
10282,1
10286,1
10290,1
10292,0
10294,1
10295,1
10302,1
10306,1
10308,1
10316,1
10317,1
10319,0
10322,0
10323,1
10324,1
10326,1
10331,1
10334,1
10335,1
10337,1
10341,0
10347,1
10350,1
10352,1
10354,1
10359,1
10365,1
10369,0
10372,1
10374,0
10376,1
10378,0
10381,1
10385,1
10387,1
10392,1
10405,0
10407,1
10410,1
10418,1
10419,1
10421,1
10428,1
10429,0
10433,1
10438,1
10439,1
10440,1
10441,0
10443,1
10447,1
10448,1
10453,1
10459,0
10463,1
10468,0
10470,1
10475,1
10476,0
10477,1
10478,1
10479,0
10481,1
10485,1
10488,1
10492,1
10496,1
10497,1
10498,0
10499,1
10502,1
10506,0
10511,1
10512,1
10514,1
10517,1
10520,0
10523,0
10526,1
10527,0
10531,1
10532,1
10533,1
10534,1
10537,1
10539,1
10543,0
10546,1
10549,1
10550,1
10553,1
10554,1
10556,1
10566,1
10567,1
10570,1
10571,1
10573,1
10576,1
10581,1
10585,1
10586,1
10587,1
10590,0
10591,1
10592,1
10597,1
10600,1
10601,0
10603,1
10607,0
10608,0
10611,1
10621,1
10627,1
10638,0
10639,1
10640,1
10645,1
10651,1
10662,1
10672,1
10675,1
10682,1
10691,1
10699,1
10700,1
10702,1
10703,1
10705,1
10706,1
10707,1
10708,1
10711,1
10712,1
10718,0
10723,1
10724,1
10726,0
10727,1
10744,1
10746,1
10747,1
10748,1
10749,0
10751,1
10753,1
10755,1
10760,1
10769,1
10774,1
10775,0
10780,0
10785,1
10790,0
10792,1
10796,1
10804,1
10805,0
10806,1
10811,1
10815,1
10820,0
10822,1
10823,1
10824,1
10828,1
10835,1
10836,1
10844,1
10851,1
10852,1
10854,1
10856,1
10861,0
10869,1
10870,1
10871,0
10878,1
10881,1
10883,0
10886,1
10893,1
10894,1
10899,0
10901,1
10908,1
10911,1
10913,1
10915,1
10917,0
10919,1
10922,1
10924,1
10925,1
10926,1
10928,1
10937,1
10945,1
10949,0
10953,0
10955,1
10956,1
10957,1
10958,1
10963,1
10964,0
10974,1
10977,0
10981,0
10996,1
10998,1
10999,1
11001,0
11002,0
11007,1
11008,1
11017,1
11018,1
11025,0
11026,1
11031,1
11037,1
11038,1
11040,1
11048,1
11054,0
11060,1
11070,0
11073,1
11079,1
11081,0
11082,1
11085,1
11086,1
11087,1
11089,0
11090,0
11092,1
11093,1
11095,1
11097,0
11098,1
11099,1
11100,0
11105,1
11107,1
11110,1
11114,1
11116,0
11124,1
11127,0
11128,1
11130,1
11134,1
11141,1
11147,1
11169,1
11171,0
11173,1
11175,1
11181,1
11182,1
11183,1
11187,0
11191,1
11193,1
11197,0
11202,1
11203,0
11204,1
11208,0
11220,1
11221,0
11224,1
11228,0
11234,1
11236,0
11240,1
11242,1
11243,1
11246,1
11250,1
11254,1
11255,1
11256,1
11271,1
11273,1
11276,1
11280,1
11285,0
11286,1
11287,1
11298,1
11301,1
11302,1
11305,1
11307,1
11308,0
11312,0
11315,0
11316,1
11317,1
11319,1
11322,0
11324,1
11333,1
11335,1
11337,1
11338,1
11340,1
11341,0
11343,1
11349,1
11351,1
11359,0
11365,1
11367,1
11370,1
11371,1
11373,0
11375,1
11377,1
11381,1
11382,1
11384,1
11385,0
11387,1
11388,1
11395,1
11396,1
11402,0
11404,0
11406,1
11408,0
11410,0
11413,0
11415,0
11417,0
11418,1
11421,1
11422,0
11424,1
11425,1
11432,1
11435,1
11436,1
11437,1
11447,1
11448,0
11452,0
11457,1
11459,0
11460,1
11464,1
11477,1
11480,0
11481,1
11484,1
11485,1
11488,1
11493,1
11500,1
11502,1
11504,0
11508,0
11514,0
11519,0
11528,0
11529,1
11530,1
11531,1
11532,1
11533,0
11538,0
11546,1
11550,1
11552,1
11555,1
11557,0
11564,1
11565,1
11569,1
11571,1
11572,1
11576,0
11584,1
11587,1
11593,1
11598,1
11601,1
11604,1
11605,1
11608,1
11610,0
11612,1
11613,1
11616,0
11617,1
11618,1
11620,1
11622,0
11624,1
11633,0
11636,1
11637,1
11638,1
11644,1
11653,0
11656,1
11657,1
11663,1
11666,1
11669,0
11670,0
11671,1
11676,1
11677,1
11679,0
11683,1
11684,1
11695,1
11703,0
11705,1
11706,0
11708,1
11711,0
11714,1
11716,1
11717,1
11721,0
11737,0
11741,1
11742,1
11746,1
11748,1
11749,1
11753,1
11754,0
11761,0
11763,1
11765,0
11768,1
11770,1
11777,1
11778,0
11794,1
11796,1
11799,0
11800,0
11801,1
11802,1
11803,1
11805,1
11806,0
11807,1
11809,1
11810,1
11811,1
11813,0
11829,1
11830,1
11831,0
11832,1
11838,1
11839,1
11843,1
11850,1
11861,1
11864,0
11865,1
11872,1
11876,1
11880,1
11881,0
11882,0
11888,0
11908,1
11910,1
11912,1
11913,0
11917,1
11928,1
11930,0
11934,0
11947,0
11948,1
11952,0
11953,1
11957,1
11958,1
11963,1
11964,0
11967,1
11970,1
11975,0
11977,1
11981,1
11992,1
12002,1
12004,0
12006,1
12007,1
12010,1
12014,0
12018,1
12019,1
12022,1
12030,1
12033,1
12034,0
12035,1
12045,0
12046,0
12048,1
12051,1
12054,1
12056,0
12058,1
12060,1
12063,1
12067,0
12068,1
12070,1
12074,0
12080,1
12081,1
12082,1
12083,0
12085,1
12088,0
12089,1
12092,1
12095,1
12101,1
12103,1
12107,0
12108,1
12111,1
12114,0
12115,0
12121,1
12127,0
12131,0
12132,0
12140,1
12141,1
12142,1
12143,1
12152,0
12154,1
12155,1
12158,1
12163,1
12164,1
12165,1
12173,1
12174,1
12176,1
12178,0
12187,0
12188,1
12191,1
12196,1
12209,0
12214,0
12217,1
12220,0
12221,1
12229,1
12230,1
12231,1
12232,0
12237,1
12243,1
12249,1
12254,1
12255,1
12258,1
12262,0
12265,1
12266,1
12280,1
12283,0
12285,1
12286,1
12287,0
12289,0
12291,1
12298,1
12305,0
12315,1
12316,1
12326,1
12327,1
12330,0
12331,1
12332,1
12336,1
12342,1
12347,1
12360,1
12363,0
12366,1
12373,0
12375,0
12379,1
12385,0
12386,0
12389,1
12391,1
12392,1
12393,1
12398,1
12404,1
12405,1
12407,1
12408,1
12415,1
12416,1
12420,1
12421,1
12424,0
12425,1
12430,1
12434,1
12435,1
12438,1
12440,0
12442,1
12445,1
12446,1
12447,1
12457,0
12458,1
12461,1
12463,1
12465,0
12468,1
12469,1
12470,1
12476,1
12480,1
12486,1
12504,1
12508,1
12511,1
12513,1
12519,1
12525,1
12529,1
12544,0
12548,1
12550,1
12551,0
12553,1
12558,0
12560,1
12569,1
12571,1
12576,0
12578,1
12594,1
12595,0
12598,0
12599,1
12603,1
12605,1
12611,0
12612,1
12613,1
12618,0
12620,0
12623,1
12627,1
12631,1
12634,1
12638,1
12639,1
12640,1
12642,1
12643,1
12645,1
12647,1
12650,1
12652,1
12654,1
12667,1
12669,0
12670,0
12677,1
12681,1
12684,1
12686,0
12692,1
12695,1
12696,1
12697,0
12701,1
12705,1
12708,0
12709,1
12710,1
12712,1
12716,1
12718,1
12720,0
12734,1
12735,1
12739,1
12740,1
12741,0
12742,0
12747,1
12751,1
12753,1
12755,1
12762,0
12764,1
12771,0
12773,0
12778,1
12779,1
12782,0
12787,1
12791,1
12793,1
12795,1
12802,1
12813,1
12818,1
12820,1
12821,1
12822,1
12823,1
12826,1
12828,0
12831,1
12834,1
12835,1
12844,1
12849,1
12853,0
12858,1
12867,0
12868,1
12871,1
12873,1
12876,1
12882,1
12884,1
12886,1
12887,0
12891,1
12896,0
12901,0
12902,0
12903,1
12905,1
12909,1
12911,1
12917,1
12918,1
12921,1
12923,1
12924,0
12929,1
12930,1
12935,1
12937,1
12938,1
12940,1
12941,1
12942,1
12944,1
12947,0
12955,1
12958,1
12959,1
12961,0
12962,1
12966,1
12968,0
12975,1
12976,0
12980,1
12981,1
12982,1
12984,0
12985,1
12988,1
12992,1
12999,0
13002,1
13004,0
13005,1
13011,1
13012,0
13013,1
13015,1
13016,1
13019,1
13020,1
13021,0
13025,1
13026,1
13030,1
13047,1
13049,0
13051,0
13063,1
13066,1
13070,1
13072,0
13078,1
13079,1
13080,1
13082,1
13085,1
13086,1
13092,1
13093,1
13096,1
13103,1
13104,0
13108,1
13110,1
13112,0
13114,1
13123,0
13125,1
13127,1
13131,1
13133,1
13136,1
13137,0
13142,0
13145,1
13156,1
13160,1
13173,0
13175,0
13179,0
13182,0
13183,0
13184,1
13185,1
13192,1
13193,1
13196,1
13197,1
13203,1
13210,1
13218,1
13220,1
13223,1
13228,1
13229,0
13230,0
13236,1
13238,0
13239,1
13241,1
13243,0
13249,1
13253,1
13256,1
13257,0
13258,1
13263,1
13266,1
13267,1
13270,1
13275,1
13277,1
13284,1
13287,0
13288,0
13289,1
13292,0
13299,1
13301,1
13302,1
13303,1
13306,0
13307,1
13308,0
13313,1
13317,0
13319,1
13320,0
13321,1
13322,1
13327,1
13328,1
13329,1
13330,0
13335,1
13337,0
13347,1
13349,1
13350,1
13353,1
13358,1
13359,1
13362,1
13363,0
13365,1
13371,1
13378,1
13379,0
13395,1
13398,0
13402,1
13404,1
13413,1
13414,1
13419,1
13422,1
13427,1
13430,1
13431,1
13439,1
13445,1
13447,1
13450,1
13452,0
13454,1
13466,0
13472,1
13479,1
13480,1
13486,1
13488,0
13489,1
13491,1
13492,1
13494,0
13500,1
13502,0
13505,1
13513,1
13521,1
13523,1
13525,1
13526,0
13533,1
13537,1
13540,1
13546,1
13550,1
13551,1
13567,0
13569,1
13573,1
13579,1
13584,1
13590,0
13591,1
13592,1
13596,1
13598,0
13601,1
13603,0
13605,0
13606,1
13607,1
13610,1
13616,0
13617,1
13619,1
13623,1
13627,1
13628,0
13629,1
13635,1
13637,1
13639,1
13640,1
13643,1
13644,0
13647,1
13649,0
13656,1
13658,1
13661,1
13662,1
13668,1
13669,1
13679,1
13683,1
13684,1
13687,1
13691,0
13692,1
13696,0
13701,1
13704,1
13712,1
13716,1
13717,1
13719,1
13720,1
13723,0
13724,0
13727,0
13734,1
13735,1
13736,1
13738,1
13742,1
13744,1
13745,0
13760,1
13775,1
13780,1
13781,1
13783,1
13787,0
13791,1
13794,1
13797,1
13799,0
13801,0
13805,1
13812,1
13816,1
13817,1
13818,1
13822,0
13824,1
13825,1
13828,1
13829,0
13831,1
13834,1
13838,1
13843,0
13848,1
13852,1
13861,0
13866,0
13868,0
13869,1
13871,1
13879,1
13880,1
13890,0
13893,0
13898,1
13899,1
13901,1
13903,1
13906,1
13908,1
13909,1
13911,1
13918,1
13920,0
13922,1
13927,0
13930,1
13931,1
13935,1
13941,1
13942,1
13945,1
13953,1
13955,0
13956,1
13958,1
13959,0
13962,1
13963,1
13966,0
13968,1
13970,0
13976,1
13977,0
13979,1
13980,1
13986,1
13988,1
13989,1
13992,0
13995,1
13996,0
13997,1
13998,1
13999,1
14002,1
14004,0
14008,0
14011,0
14012,1
14015,0
14020,1
14029,1
14032,0
14039,1
14040,1
14048,1
14050,1
14057,1
14058,0
14059,1
14060,1
14063,1
14064,1
14065,1
14067,1
14068,0
14072,0
14074,1
14087,1
14092,1
14094,0
14095,1
14096,1
14099,1
14101,0
14105,1
14114,1
14115,1
14119,1
14120,1
14121,1
14127,0
14131,1
14133,1
14134,0
14135,1
14136,1
14141,1
14142,0
14147,1
14152,1
14155,1
14156,0
14159,1
14165,1
14168,0
14174,1
14179,1
14181,1
14183,0
14185,1
14188,0
14193,1
14198,1
14209,1
14211,1
14219,1
14220,0
14221,1
14224,1
14229,0
14232,0
14234,0
14235,0
14236,0
14237,1
14238,1
14244,1
14245,0
14248,1
14253,1
14254,0
14255,0
14258,0
14259,1
14260,1
14263,1
14265,1
14266,1
14270,1
14273,1
14274,0
14277,0
14279,0
14282,1
14287,1
14294,1
14295,0
14296,1
14298,1
14303,0
14304,1
14305,1
14308,1
14309,1
14313,1
14321,1
14323,1
14324,0
14325,1
14326,0
14327,1
14332,0
14336,0
14340,1
14344,1
14346,1
14348,0
14351,1
14354,0
14355,0
14356,1
14359,1
14363,1
14367,1
14368,1
14370,1
14371,1
14372,0
14376,0
14382,1
14383,0
14392,0
14393,0
14395,1
14409,0
14414,0
14415,0
14416,1
14418,1
14421,1
14424,1
14425,0
14429,1
14432,0
14434,1
14441,0
14442,1
14443,1
14445,1
14451,1
14452,1
14453,1
14457,1
14459,1
14460,0
14462,1
14463,1
14473,1
14474,0
14476,1
14478,1
14480,1
14484,1
14486,1
14489,0
14493,1
14495,1
14496,0
14498,1
14502,1
14505,1
14509,1
14512,1
14519,0
14526,0
14528,1
14534,0
14536,1
14537,1
14539,0
14543,1
14549,0
14550,1
14551,1
14553,1
14555,1
14557,1
14558,0
14561,0
14565,1
14569,1
14577,1
14578,1
14581,0
14582,1
14586,1
14594,1
14601,1
14608,1
14609,1
14614,1
14616,1
14618,0
14627,1
14637,1
14640,1
14641,0
14644,1
14655,1
14664,0
14665,0
14667,1
14668,1
14671,0
14674,1
14675,1
14678,1
14679,1
14680,1
14684,0
14686,1
14687,1
14688,0
14690,0
14694,0
14697,0
14698,1
14699,0
14701,1
14702,1
14703,1
14706,1
14709,1
14712,1
14720,0
14721,1
14728,1
14729,1
14737,0
14738,1
14740,1
14744,1
14745,1
14747,1
14749,1
14754,1
14760,1
14762,1
14767,1
14768,0
14769,1
14771,1
14774,1
14775,1
14776,0
14785,1
14786,0
14787,1
14790,1
14796,0
14797,1
14799,1
14801,1
14803,0
14807,0
14813,1
14817,1
14820,0
14821,0
14825,1
14829,1
14834,0
14835,1
14836,1
14837,1
14841,1
14842,0
14846,1
14848,1
14856,1
14857,0
14865,1
14870,1
14871,1
14880,0
14882,1
14890,1
14894,0
14899,1
14903,1
14907,1
14908,1
14909,1
14911,1
14916,1
14919,1
14920,1
14923,1
14927,1
14929,0
14930,1
14934,1
14935,1
14939,0
14941,1
14947,1
14948,1
14951,0
14952,1
14954,1
14956,1
14960,1
14962,1
14967,1
14968,1
14970,1
14971,1
14972,0
14976,1
14982,0
14983,1
14984,1
14985,0
14996,1
14998,1
14999,1
15007,1
15010,1
15019,0
15023,0
15028,0
15029,1
15033,1
15034,1
15041,1
15044,1
15049,1
15064,0
15067,1
15068,1
15072,1
15073,1
15076,1
15080,1
15082,1
15089,1
15091,1
15093,1
15094,1
15096,1
15097,1
15102,1
15105,0
15106,1
15112,1
15118,0
15125,1
15129,0
15131,1
15132,0
15150,1
15151,0
15154,1
15155,1
15157,0
15159,0
15160,1
15165,1
15166,0
15172,1
15173,1
15185,1
15186,0
15187,1
15188,1
15192,1
15196,1
15199,0
15212,0
15213,1
15214,1
15216,1
15218,1
15225,1
15226,0
15228,0
15230,1
15236,0
15239,1
15240,1
15243,1
15247,0
15249,0
15253,1
15254,1
15262,1
15263,1
15264,1
15265,1
15266,0
15267,1
15268,1
15272,1
15274,1
15275,0
15277,1
15283,1
15285,0
15286,0
15289,0
15291,1
15297,0
15298,1
15301,1
15307,1
15309,1
15311,1
15313,1
15314,0
15319,0
15325,1
15329,1
15337,0
15340,1
15343,0
15345,1
15348,1
15354,1
15357,0
15361,1
15365,1
15368,1
15375,1
15376,1
15377,0
15380,1
15382,1
15383,1
15386,1
15389,0
15391,1
15392,1
15393,1
15394,1
15395,1
15399,1
15400,0
15402,1
15403,1
15416,1
15418,1
15419,1
15424,1
15430,1
15432,1
15441,1
15445,1
15447,1
15449,1
15450,1
15453,1
15454,1
15455,1
15457,0
15459,0
15471,0
15472,1
15474,1
15475,1
15479,1
15480,1
15482,1
15486,1
15487,1
15491,1
15492,0
15493,0
15495,1
15497,0
15498,1
15499,1
15500,1
15501,1
15502,1
15507,1
15509,1
15511,1
15513,1
15515,1
15516,1
15518,1
15519,1
15523,0
15531,0
15535,1
15536,1
15537,1
15540,1
15546,1
15552,1
15555,1
15556,0
15557,1
15559,0
15564,0
15571,1
15573,1
15577,1
15579,0
15581,1
15587,1
15591,1
15593,1
15596,1
15604,0
15605,1
15606,1
15611,1
15615,1
15616,1
15619,1
15621,1
15622,1
15623,0
15625,1
15634,1
15641,1
15642,1
15643,1
15644,1
15652,1
15654,0
15657,1
15659,1
15661,0
15664,1
15667,0
15684,1
15686,0
15689,1
15690,0
15692,0
15695,1
15696,0
15697,0
15702,0
15707,1
15711,1
15712,1
15713,0
15716,1
15720,1
15723,1
15726,1
15729,0
15730,0
15737,1
15739,1
15740,1
15742,0
15743,1
15747,1
15748,1
15751,1
15754,0
15755,1
15756,1
15764,1
15769,0
15770,1
15772,1
15773,1
15774,0
15775,1
15778,0
15783,1
15786,1
15788,1
15789,0
15790,1
15791,1
15792,0
15796,1
15798,0
15803,0
15804,1
15812,1
15816,1
15819,1
15823,1
15824,1
15832,1
15836,1
15837,1
15841,1
15845,0
15848,1
15851,0
15853,1
15854,0
15855,1
15856,1
15859,1
15861,0
15863,1
15868,1
15869,0
15871,0
15876,1
15877,1
15880,0
15884,1
15885,1
15888,1
15891,1
15893,1
15898,1
15899,1
15901,1
15904,1
15905,1
15907,1
15910,1
15913,1
15915,1
15920,1
15922,1
15926,1
15927,0
15937,0
15938,1
15945,1
15948,1
15950,1
15952,1
15953,1
15955,1
15958,0
15962,1
15963,0
15969,0
15970,1
15971,0
15973,1
15976,0
15980,1
15983,1
15984,1
15995,1
15996,1
15999,1
16003,1
16004,1
16006,1
16007,1
16008,1
16010,1
16013,1
16017,0
16021,1
16023,1
16024,1
16034,1
16050,0
16058,1
16061,1
16062,1
16064,1
16065,1
16071,1
16072,1
16075,1
16076,1
16082,1
16084,0
16087,1
16090,1
16091,0
16092,0
16096,1
16098,0
16103,1
16107,0
16113,0
16121,0
16123,0
16125,1
16128,1
16130,1
16132,1
16137,1
16138,1
16143,1
16145,0
16147,0
16150,1
16151,1
16161,1
16162,1
16165,1
16168,1
16170,1
16172,0
16181,0
16183,1
16186,1
16188,1
16189,1
16195,1
16196,1
16202,1
16207,1
16213,0
16215,1
16217,0
16222,1
16227,1
16228,0
16233,0
16234,1
16242,1
16244,1
16250,1
16251,1
16255,1
16261,1
16266,1
16267,0
16280,1
16289,0
16291,1
16293,0
16296,1
16298,1
16300,1
16303,1
16310,1
16311,1
16315,1
16317,1
16321,1
16326,1
16327,1
16333,1
16336,0
16345,1
16349,0
16355,1
16362,0
16363,1
16368,1
16373,1
16375,0
16376,1
16379,1
16381,1
16382,1
16383,1
16384,1
16388,1
16391,1
16397,0
16405,0
16406,1
16408,1
16411,1
16412,1
16413,1
16415,1
16417,1
16423,1
16426,1
16438,1
16439,0
16460,1
16466,1
16468,1
16469,0
16470,1
16472,1
16478,1
16484,1
16485,0
16492,1
16493,0
16497,1
16499,1
16505,0
16509,1
16514,1
16518,0
16519,1
16521,0
16522,1
16523,1
16527,1
16528,1
16529,1
16534,0
16535,1
16543,1
16544,0
16547,1
16558,1
16564,1
16571,0
16573,1
16583,1
16593,1
16594,1
16604,0
16605,0
16611,1
16613,0
16616,1
16620,0
16621,1
16625,1
16630,1
16634,0
16636,1
16639,1
16640,1
16644,1
16645,1
16646,1
16647,1
16648,1
16650,0
16659,0
16660,1
16666,1
16672,1
16675,1
16677,1
16678,1
16680,1
16682,1
16683,0
16684,1
16685,1
16687,0
16688,1
16689,1
16691,1
16696,1
16699,0
16703,1
16704,1
16706,0
16712,1
16716,0
16723,1
16724,0
16728,1
16735,1
16739,0
16741,1
16742,1
16743,1
16745,1
16750,0
16752,0
16753,1
16754,0
16757,1
16759,1
16766,1
16769,1
16770,1
16776,1
16786,1
16788,1
16792,1
16797,1
16799,1
16812,0
16813,1
16819,1
16821,0
16824,1
16825,1
16830,1
16833,0
16837,0
16841,1
16843,1
16849,1
16859,1
16864,1
16868,0
16872,0
16880,0
16881,1
16883,1
16888,1
16892,1
16893,0
16895,1
16897,1
16902,1
16906,1
16908,1
16912,1
16914,1
16918,1
16920,0
16921,0
16924,0
16925,0
16926,1
16935,0
16936,1
16937,1
16939,1
16941,1
16943,1
16944,1
16945,0
16949,1
16955,1
16959,1
16960,1
16964,1
16967,1
16969,1
16973,1
16982,1
16983,0
16987,1
16999,0
17003,1
17004,0
17006,1
17013,0
17014,0
17016,1
17017,1
17020,1
17021,1
17024,1
17038,1
17039,1
17043,1
17044,1
17053,1
17054,0
17058,0
17064,1
17069,0
17074,1
17076,1
17081,1
17085,1
17087,1
17088,1
17090,1
17094,1
17096,0
17097,1
17098,1
17106,1
17107,1
17109,1
17110,0
17111,0
17112,0
17117,0
17118,1
17122,1
17123,0
17127,1
17130,1
17132,1
17133,1
17135,1
17140,1
17150,0
17151,0
17153,1
17154,1
17155,1
17156,0
17162,1
17163,1
17167,1
17176,0
17177,0
17178,1
17182,1
17188,1
17192,1
17196,1
17198,1
17201,1
17203,0
17213,1
17220,1
17221,1
17223,0
17225,0
17226,1
17235,0
17236,1
17239,1
17242,0
17246,1
17247,1
17249,1
17251,1
17259,1
17260,0
17263,1
17264,1
17266,1
17267,1
17270,1
17272,1
17274,1
17278,0
17279,0
17280,1
17281,1
17287,1
17289,1
17291,0
17297,0
17299,1
17306,0
17309,1
17311,1
17314,1
17315,1
17316,1
17323,1
17326,1
17328,1
17330,0
17332,1
17333,1
17336,0
17337,1
17339,0
17340,0
17341,0
17348,1
17349,1
17354,1
17356,1
17359,1
17361,1
17362,1
17365,1
17367,0
17368,1
17371,1
17376,0
17386,1
17387,0
17389,1
17390,1
17393,1
17394,1
17400,1
17402,0
17408,1
17409,1
17411,1
17412,1
17413,1
17415,0
17416,0
17420,1
17421,1
17423,0
17424,1
17428,0
17430,1
17431,1
17436,0
17442,1
17449,0
17451,1
17454,1
17461,1
17464,0
17467,1
17468,1
17472,0
17474,1
17479,0
17481,1
17483,1
17485,1
17490,0
17492,0
17495,1
17500,0
17502,0
17504,1
17506,1
17511,1
17514,1
17524,1
17529,0
17536,1
17544,0
17548,1
17549,1
17550,1
17564,1
17568,0
17577,1
17580,1
17582,1
17590,1
17601,0
17604,1
17605,1
17608,1
17612,0
17615,0
17617,0
17623,1
17631,1
17632,1
17634,0
17641,1
17642,1
17643,1
17644,1
17645,1
17647,1
17651,0
17659,1
17660,0
17663,0
17668,1
17675,1
17676,0
17677,1
17684,1
17691,1
17694,0
17702,1
17704,1
17706,0
17711,1
17713,1
17722,1
17728,0
17730,1
17738,1
17739,1
17740,0
17741,0
17746,1
17747,1
17750,1
17751,1
17752,1
17767,0
17774,1
17775,0
17776,1
17778,1
17780,1
17781,1
17787,0
17790,1
17791,1
17795,1
17796,1
17798,0
17802,1
17804,1
17805,0
17806,1
17811,1
17814,1
17816,1
17821,0
17822,1
17825,1
17827,0
17830,1
17837,0
17838,1
17842,1
17843,0
17844,1
17850,1
17854,1
17855,0
17857,1
17862,1
17864,0
17865,1
17866,1
17870,1
17873,1
17874,1
17876,1
17878,0
17882,1
17885,1
17887,0
17889,1
17891,0
17892,0
17895,1
17896,1
17898,1
17903,1
17905,1
17911,1
17912,1
17914,1
17921,0
17924,1
17925,1
17928,1
17929,0
17930,1
17935,1
17938,0
17945,1
17949,1
17953,0
17954,0
17955,1
17971,1
17973,1
17978,1
17984,1
17987,0
17990,1
17991,1
17994,1
17997,1
17999,1
18000,0
18006,0
18010,1
18011,1
18018,1
18019,1
18027,1
18028,1
18032,1
18034,1
18037,1
18039,1
18049,0
18055,1
18058,1
18059,1
18060,1
18070,1
18074,1
18077,0
18081,1
18083,0
18084,1
18088,0
18090,1
18091,1
18094,1
18097,1
18100,1
18105,1
18106,1
18107,1
18114,0
18118,1
18119,1
18120,1
18127,1
18129,1
18139,0
18140,1
18145,0
18150,1
18152,1
18157,1
18162,0
18166,1
18168,0
18169,0
18175,1
18176,1
18181,0
18184,1
18185,1
18187,0
18188,1
18191,0
18193,1
18194,1
18195,1
18198,1
18199,0
18202,1
18203,0
18210,1
18214,0
18218,1
18223,0
18224,1
18225,0
18226,1
18232,1
18242,1
18248,1
18251,1
18253,1
18258,1
18267,1
18268,1
18270,1
18271,0
18276,1
18279,0
18282,0
18287,0
18290,1
18296,1
18297,1
18299,0
18302,1
18310,1
18317,1
18318,1
18319,1
18320,1
18323,1
18333,1
18348,0
18349,0
18351,1
18357,0
18362,1
18365,1
18368,1
18372,1
18379,0
18382,1
18385,0
18386,1
18387,1
18397,1
18399,0
18402,0
18410,1
18415,1
18417,1
18422,1
18423,1
18424,1
18429,1
18431,1
18433,1
18434,0
18437,0
18439,1
18441,1
18446,1
18448,1
18459,1
18460,0
18461,1
18464,1
18465,1
18468,0
18472,0
18477,0
18484,1
18488,1
18495,1
18498,1
18501,1
18503,0
18505,0
18515,1
18525,1
18527,1
18528,0
18531,1
18534,0
18537,1
18539,1
18540,0
18541,1
18544,1
18548,1
18550,0
18555,1
18558,1
18559,1
18562,1
18569,1
18573,1
18582,1
18589,1
18594,0
18597,1
18600,1
18609,0
18610,0
18612,1
18613,1
18616,1
18617,1
18619,0
18622,1
18627,1
18629,0
18631,0
18639,1
18641,1
18642,0
18643,1
18650,1
18652,1
18655,1
18657,1
18659,1
18662,0
18670,1
18673,0
18675,1
18676,1
18678,1
18681,1
18682,0
18685,0
18691,1
18703,1
18704,1
18708,1
18710,1
18714,1
18715,1
18716,1
18718,1
18721,1
18725,1
18731,0
18735,0
18737,0
18743,1
18744,0
18747,0
18753,1
18755,1
18757,0
18761,1
18763,1
18764,0
18766,1
18776,1
18781,0
18784,0
18785,1
18786,1
18787,0
18796,1
18802,0
18815,0
18821,1
18826,0
18827,1
18829,0
18832,1
18834,1
18835,0
18836,1
18837,1
18839,1
18841,1
18842,1
18843,0
18852,1
18854,1
18861,1
18863,1
18864,1
18866,1
18867,1
18869,1
18873,1
18879,0
18882,0
18889,1
18890,1
18891,0
18895,0
18905,0
18908,1
18909,1
18910,1
18913,1
18915,1
18916,0
18921,1
18923,0
18932,0
18937,0
18944,0
18945,1
18946,1
18947,0
18950,1
18954,1
18956,1
18963,1
18966,1
18969,0
18970,1
18971,1
18980,1
18990,1
18999,0
19001,0
19005,0
19009,1
19014,1
19015,0
19016,1
19017,1
19018,0
19020,1
19021,1
19022,1
19023,1
19026,0
19028,0
19029,1
19032,1
19040,1
19043,1
19044,1
19045,1
19046,1
19050,1
19054,1
19057,1
19059,1
19062,1
19066,1
19068,0
19069,1
19077,1
19083,1
19085,1
19087,1
19088,1
19097,1
19098,1
19099,0
19100,0
19101,0
19104,1
19107,1
19111,1
19116,1
19120,1
19128,0
19141,1
19145,1
19147,0
19151,1
19154,1
19155,0
19159,0
19160,1
19162,1
19167,1
19172,0
19177,0
19182,0
19185,1
19188,1
19189,0
19195,1
19200,1
19208,1
19210,1
19216,1
19218,1
19220,1
19225,1
19226,0
19227,1
19229,1
19231,1
19232,0
19236,1
19242,1
19250,1
19251,1
19252,1
19254,1
19259,1
19262,1
19265,1
19272,1
19275,1
19277,0
19280,1
19281,1
19283,1
19285,1
19291,1
19293,1
19297,1
19299,1
19301,1
19306,1
19311,1
19312,1
19321,0
19328,1
19330,1
19345,1
19347,1
19350,1
19351,0
19354,1
19361,0
19363,0
19364,1
19371,0
19377,1
19378,1
19381,0
19387,1
19392,0
19395,0
19399,1
19401,1
19402,1
19408,1
19421,1
19422,1
19424,1
19433,1
19440,1
19445,1
19446,1
19448,1
19451,1
19456,1
19457,1
19466,1
19468,1
19476,1
19477,0
19478,1
19479,1
19482,0
19485,0
19490,1
19494,0
19504,1
19505,1
19509,1
19511,1
19512,1
19513,1
19520,1
19522,1
19523,1
19525,1
19526,1
19528,1
19530,0
19531,1
19536,1
19541,0
19554,1
19558,1
19564,1
19565,1
19573,0
19576,1
19585,1
19589,1
19592,0
19593,1
19597,1
19598,0
19607,1
19612,1
19615,1
19617,1
19622,1
19626,1
19629,1
19631,1
19635,0
19637,0
19641,0
19647,1
19648,1
19651,0
19658,1
19659,1
19662,1
19664,1
19666,1
19668,1
19678,0
19684,0
19685,1
19687,1
19689,0
19696,1
19697,0
19698,1
19700,1
19701,1
19705,1
19706,1
19707,1
19709,0
19713,1
19715,1
19719,1
19721,1
19725,1
19732,1
19741,0
19745,1
19749,1
19754,0
19758,1
19763,0
19766,1
19767,1
19771,1
19773,0
19775,1
19776,0
19777,1
19782,0
19795,1
19797,1
19798,1
19801,0
19806,1
19809,1
19816,0
19819,1
19821,1
19823,1
19825,1
19827,0
19830,1
19832,1
19834,1
19836,1
19839,1
19844,0
19852,1
19854,0
19862,1
19863,1
19867,0
19870,1
19871,1
19875,1
19876,1
19877,0
19880,1
19881,0
19883,1
19886,1
19888,1
19889,1
19891,0
19895,1
19896,1
19900,1
19902,1
19903,1
19908,1
19909,1
19910,1
19912,1
19915,1
19917,0
19924,1
19926,0
19928,1
19934,0
19937,1
19938,1
19939,1
19942,1
19943,1
19946,0
19947,1
19952,0
19954,0
19955,1
19958,0
19959,1
19961,0
19962,1
19969,1
19970,0
19973,1
19974,1
19977,1
19980,1
19985,1
19989,1
19993,1
20010,1
20012,1
20017,1
20018,1
20020,1
20021,1
20022,1
20026,1
20031,1
20036,1
20037,0
20041,0
20043,1
20044,1
20048,1
20053,0
20056,1
20058,0
20063,1
20066,0
20071,0
20072,1
20076,1
20079,0
20080,1
20081,0
20085,1
20091,0
20095,0
20096,1
20097,1
20100,1
20105,0
20110,1
20116,1
20117,1
20120,0
20123,1
20125,1
20133,1
20136,1
20140,1
20146,1
20148,1
20159,1
20160,1
20162,1
20165,0
20167,1
20168,1
20173,1
20182,1
20186,1
20187,1
20188,1
20190,1
20199,0
20201,1
20209,1
20211,0
20217,1
20223,1
20226,0
20229,0
20232,1
20234,1
20236,1
20243,1
20245,1
20250,0
20254,0
20255,1
20258,1
20260,1
20263,0
20265,1
20267,1
20277,1
20278,1
20280,1
20288,0
20289,1
20293,1
20302,0
20303,1
20306,1
20307,0
20308,1
20312,1
20317,1
20321,0
20322,0
20323,1
20330,0
20337,1
20339,1
20347,1
20348,1
20352,1
20354,1
20356,1
20358,0
20359,1
20364,1
20367,0
20368,0
20369,1
20370,1
20374,1
20378,1
20379,1
20380,1
20384,1
20388,0
20391,1
20397,1
20400,1
20403,0
20404,1
20411,1
20415,1
20420,1
20424,0
20428,1
20429,1
20436,1
20438,1
20440,1
20446,1
20447,0
20448,1
20453,1
20456,1
20458,1
20461,1
20465,1
20469,1
20473,1
20475,1
20477,1
20478,1
20480,1
20486,1
20490,0
20493,1
20494,1
20501,1
20504,0
20506,1
20514,1
20521,1
20522,1
20524,0
20535,1
20536,1
20544,1
20549,0
20550,0
20554,1
20558,1
20559,1
20560,1
20567,1
20569,1
20570,1
20571,1
20576,1
20578,1
20584,1
20591,0
20592,1
20593,1
20594,1
20595,1
20597,1
20606,1
20607,1
20610,0
20611,1
20622,0
20623,1
20625,1
20627,1
20628,1
20629,1
20630,1
20632,1
20636,1
20638,1
20649,1
20652,1
20656,1
20657,0
20659,1
20665,1
20669,1
20673,1
20674,0
20684,0
20688,1
20689,1
20695,0
20699,0
20701,0
20702,1
20704,0
20710,1
20716,1
20718,0
20720,1
20721,1
20723,1
20726,1
20729,0
20733,1
20738,1
20743,0
20748,1
20749,1
20751,1
20755,1
20758,0
20759,0
20761,0
20762,1
20766,1
20768,0
20770,1
20775,0
20776,1
20777,1
20779,1
20781,1
20788,0
20792,1
20793,1
20801,1
20804,0
20807,1
20808,1
20811,1
20812,1
20815,1
20826,1
20827,1
20828,1
20834,1
20835,0
20838,0
20850,1
20855,1
20858,1
20864,1
20870,1
20871,0
20873,1
20875,1
20883,1
20885,1
20892,1
20893,1
20894,1
20896,1
20897,1
20906,1
20907,1
20908,1
20917,1
20919,0
20923,1
20927,1
20930,1
20937,0
20939,1
20945,1
20949,1
20950,1
20955,0
20958,1
20965,0
20966,1
20967,1
20971,1
20981,1
20982,1
20987,1
20989,1
20991,0
20992,1
20995,0
20998,1
21002,0
21003,0
21004,1
21005,1
21007,1
21011,1
21012,0
21013,1
21015,1
21016,1
21019,1
21021,0
21022,1
21028,1
21029,1
21040,1
21043,1
21045,1
21048,1
21049,1
21051,1
21054,1
21060,1
21062,1
21063,0
21066,1
21075,1
21081,0
21082,1
21085,1
21092,1
21105,0
21114,1
21121,1
21122,0
21123,0
21129,1
21130,0
21132,1
21135,1
21139,0
21140,0
21141,1
21151,1
21152,1
21153,1
21154,1
21162,0
21175,1
21179,1
21180,0
21182,1
21188,1
21190,1
21198,1
21199,1
21206,1
21207,1
21223,1
21226,1
21227,1
21236,1
21239,1
21249,1
21254,0
21258,1
21259,1
21261,0
21263,1
21271,1
21273,1
21274,1
21276,1
21279,0
21280,1
21284,1
21285,1
21286,1
21290,1
21301,0
21312,1
21314,0
21323,1
21324,0
21325,1
21327,1
21332,0
21338,0
21346,1
21347,1
21350,1
21351,1
21354,1
21359,1
21360,1
21363,0
21372,1
21377,1
21379,1
21380,0
21385,1
21386,1
21388,1
21393,1
21394,1
21395,1
21396,0
21397,1
21398,0
21401,0
21403,0
21408,1
21412,1
21416,1
21422,1
21427,1
21432,1
21433,1
21434,1
21435,1
21437,0
21441,0
21446,1
21447,0
21448,0
21453,1
21455,1
21456,1
21462,1
21463,1
21467,0
21469,0
21472,0
21474,1
21475,0
21476,1
21479,0
21488,0
21490,1
21491,1
21500,0
21503,0
21509,1
21511,1
21513,1
21518,1
21524,1
21528,1
21535,1
21539,0
21542,1
21548,1
21552,1
21555,1
21561,1
21569,1
21571,0
21575,1
21578,1
21584,0
21589,0
21590,1
21592,0
21593,1
21603,1
21605,1
21606,0
21607,1
21608,0
21613,1
21622,1
21623,1
21625,1
21628,1
21632,1
21633,0
21635,1
21638,1
21643,0
21644,1
21646,1
21647,1
21648,1
21650,1
21652,1
21653,1
21657,1
21658,1
21660,0
21666,0
21667,1
21668,1
21669,1
21673,1
21675,1
21676,1
21679,1
21680,1
21682,1
21687,1
21693,1
21698,1
21704,1
21705,1
21707,1
21708,1
21710,0
21712,0
21713,1
21714,1
21721,1
21723,1
21726,1
21728,0
21736,0
21742,1
21743,1
21745,1
21749,0
21753,1
21760,1
21761,0
21762,1
21763,1
21766,1
21769,1
21771,1
21774,1
21775,0
21776,0
21777,1
21778,1
21780,1
21781,1
21789,1
21790,1
21795,1
21802,1
21803,1
21805,1
21808,0
21819,1
21820,1
21830,0
21832,0
21837,0
21845,0
21848,0
21851,1
21852,1
21854,1
21855,0
21864,0
21874,1
21875,0
21876,1
21877,1
21878,0
21880,1
21881,1
21882,1
21884,1
21887,0
21892,0
21893,1
21895,1
21897,0
21898,1
21899,0
21900,1
21907,1
21915,0
21921,1
21923,1
21924,0
21927,1
21930,1
21935,1
21938,1
21940,1
21941,1
21942,1
21943,1
21949,1
21950,1
21951,0
21955,1
21956,1
21957,0
21958,1
21959,1
21966,1
21967,0
21971,1
21973,1
21974,0
21975,1
21979,1
21980,1
21981,1
21986,1
21990,1
21994,1
21996,1
21997,0
21999,1
22001,1
22003,0
22005,1
22007,1
22008,1
22014,1
22015,1
22027,0
22033,1
22035,0
22038,1
22040,1
22041,0
22051,1
22052,0
22053,1
22054,1
22057,1
22059,1
22060,0
22068,0
22069,1
22072,1
22077,1
22078,1
22079,1
22081,0
22082,1
22083,1
22086,1
22094,1
22095,1
22100,1
22104,0
22110,1
22112,1
22113,0
22122,1
22130,1
22131,0
22132,1
22133,1
22136,1
22148,0
22149,0
22150,1
22152,0
22155,1
22161,0
22166,1
22171,1
22172,1
22174,1
22176,1
22177,1
22178,0
22181,1
22184,0
22185,0
22187,1
22188,1
22190,1
22191,1
22193,1
22196,0
22197,1
22199,1
22200,0
22203,1
22207,1
22217,1
22218,1
22219,1
22221,1
22222,1
22223,1
22228,0
22231,1
22254,1
22255,0
22259,0
22260,1
22261,0
22262,1
22263,1
22265,0
22266,1
22269,0
22271,0
22277,1
22281,1
22283,1
22297,1
22298,1
22301,1
22307,0
22309,0
22317,1
22318,0
22319,1
22320,1
22327,1
22330,0
22334,1
22335,0
22340,0
22342,1
22343,0
22346,0
22348,1
22357,1
22360,1
22363,1
22365,1
22366,1
22371,1
22372,1
22373,1
22374,1
22378,1
22390,1
22400,0
22404,1
22406,0
22407,1
22412,0
22414,1
22417,1
22426,0
22431,1
22432,1
22437,1
22438,1
22446,0
22448,1
22451,1
22454,1
22455,1
22457,1
22460,0
22462,1
22464,1
22466,1
22470,1
22472,0
22473,1
22475,1
22477,1
22478,1
22481,0
22483,1
22484,0
22490,1
22491,1
22493,0
22496,1
22499,1
22504,1
22505,1
22508,1
22510,0
22512,1
22514,1
22515,1
22517,1
22518,0
22520,1
22528,1
22529,1
22535,1
22536,1
22540,0
22541,1
22543,1
22548,1
22556,1
22561,0
22562,1
22565,1
22566,0
22567,1
22568,1
22569,1
22570,1
22572,1
22583,1
22589,0
22590,0
22591,1
22598,1
22600,1
22602,1
22604,1
22612,1
22615,1
22624,1
22627,1
22630,0
22632,1
22633,1
22637,1
22639,1
22640,0
22642,1
22647,1
22649,0
22656,1
22658,1
22662,1
22675,1
22680,1
22682,1
22683,1
22684,1
22685,1
22696,1
22701,1
22713,1
22715,1
22717,1
22721,1
22722,1
22731,1
22732,1
22733,1
22734,0
22735,0
22738,1
22741,0
22742,0
22747,1
22748,1
22750,1
22753,1
22755,1
22756,1
22757,0
22758,1
22759,1
22760,1
22771,1
22772,1
22786,1
22787,0
22789,1
22792,1
22801,1
22811,1
22813,1
22825,1
22826,1
22827,0
22835,1
22839,0
22840,1
22845,1
22846,1
22851,1
22854,1
22857,1
22859,1
22871,1
22881,0
22898,0
22902,0
22912,1
22915,1
22920,0
22922,1
22926,1
22930,1
22937,1
22939,1
22946,0
22949,0
22951,1
22952,1
22953,1
22959,1
22960,0
22961,1
22967,0
22970,1
22977,1
22978,1
22980,1
22982,1
22984,1
22985,1
22990,0
22998,0
22999,1
23000,1
23013,1
23016,1
23017,1
23020,1
23021,1
23022,1
23026,1
23027,0
23028,0
23030,0
23036,1
23040,0
23043,1
23044,1
23049,1
23051,0
23052,1
23057,1
23064,1
23069,0
23072,1
23074,1
23079,0
23081,1
23082,1
23083,1
23084,1
23085,1
23086,1
23088,1
23090,1
23091,1
23098,1
23099,1
23102,1
23108,1
23114,1
23116,0
23118,1
23121,0
23126,0
23131,1
23133,0
23134,1
23135,1
23136,1
23138,0
23139,1
23140,1
23141,1
23142,1
23150,1
23151,1
23159,0
23163,1
23167,1
23169,0
23170,1
23173,0
23179,0
23180,0
23181,1
23185,0
23195,0
23197,1
23204,1
23210,1
23215,0
23218,0
23219,1
23226,1
23227,1
23235,1
23238,1
23240,1
23243,1
23246,1
23249,1
23252,1
23253,0
23264,0
23276,1
23277,1
23278,0
23281,1
23282,0
23285,0
23287,1
23288,1
23289,1
23291,0
23292,1
23297,1
23298,1
23304,1
23305,1
23306,0
23308,1
23311,0
23316,1
23317,1
23319,1
23326,1
23327,1
23332,1
23334,0
23350,1
23354,1
23355,0
23360,0
23366,0
23371,1
23374,1
23375,1
23378,1
23380,0
23382,1
23387,0
23388,1
23389,0
23392,1
23394,1
23395,1
23396,0
23400,1
23404,1
23405,1
23406,1
23409,1
23411,1
23412,0
23413,0
23419,1
23422,1
23423,0
23428,1
23430,1
23432,0
23433,1
23434,1
23435,1
23437,1
23439,1
23445,1
23453,0
23460,0
23461,0
23464,0
23467,1
23471,1
23476,0
23477,1
23484,1
23486,1
23489,1
23492,1
23496,1
23497,1
23500,1
23502,1
23507,0
23509,1
23512,0
23516,1
23517,0
23531,1
23533,1
23534,1
23535,1
23541,0
23543,1
23544,1
23545,1
23546,0
23547,1
23548,0
23557,1
23558,1
23562,1
23563,0
23567,1
23577,1
23578,0
23582,1
23584,0
23586,1
23589,1
23590,1
23592,1
23595,0
23596,1
23598,1
23603,0
23604,1
23605,1
23607,1
23612,1
23613,0
23618,0
23619,0
23624,1
23627,1
23633,1
23639,1
23641,0
23643,0
23647,1
23648,1
23652,1
23653,1
23657,1
23661,1
23663,1
23666,1
23667,1
23671,1
23672,1
23673,1
23676,1
23677,1
23680,1
23683,1
23687,1
23688,1
23696,1
23709,1
23712,0
23715,1
23717,1
23720,1
23726,0
23729,1
23732,1
23736,1
23738,1
23740,1
23746,1
23753,1
23754,1
23758,1
23764,1
23765,0
23768,1
23769,1
23770,0
23771,1
23774,1
23781,0
23783,1
23786,1
23787,1
23788,0
23790,0
23792,0
23794,1
23796,1
23803,1
23805,1
23808,0
23810,1
23812,0
23815,1
23821,1
23828,1
23831,0
23840,0
23841,1
23845,1
23847,1
23853,1
23854,1
23867,1
23868,0
23870,0
23872,1
23878,1
23880,1
23882,1
23887,1
23891,1
23899,1
23901,0
23902,1
23903,0
23904,1
23910,0
23912,0
23915,1
23916,0
23918,1
23921,1
23924,0
23926,1
23928,1
23929,1
23933,1
23934,1
23935,0
23936,0
23937,1
23939,1
23940,0
23945,1
23947,0
23960,1
23966,0
23970,1
23975,0
23977,1
23978,1
23980,0
23987,1
23988,0
23998,1
23999,1
24002,1
24003,1
24004,1
24007,1
24008,0
24009,1
24013,1
24014,1
24016,1
24017,1
24027,1
24030,0
24036,1
24040,0
24047,1
24048,1
24058,1
24060,1
24062,1
24065,1
24074,1
24076,0
24080,1
24081,1
24082,1
24084,1
24089,1
24094,1
24096,1
24097,0
24098,0
24100,1
24102,0
24103,1
24105,1
24114,1
24119,1
24121,0
24122,1
24127,1
24128,1
24133,1
24136,1
24137,1
24138,1
24141,1
24142,1
24146,1
24152,0
24154,0
24156,0
24157,1
24158,1
24160,1
24161,1
24162,0
24163,1
24168,1
24171,0
24173,1
24174,1
24175,0
24180,1
24182,1
24184,1
24192,1
24196,1
24203,0
24205,1
24210,1
24211,0
24218,1
24221,1
24222,0
24227,0
24234,1
24238,1
24239,1
24240,1
24243,1
24244,1
24246,1
24247,1
24250,1
24254,0
24260,1
24264,1
24265,0
24269,1
24271,0
24272,1
24273,1
24277,1
24280,1
24285,1
24289,1
24290,0
24294,1
24298,0
24299,1
24301,1
24305,0
24306,1
24308,0
24312,1
24314,0
24315,1
24317,0
24320,1
24321,1
24324,1
24327,1
24332,1
24334,1
24340,1
24343,1
24351,1
24354,1
24355,1
24356,1
24357,1
24358,1
24362,1
24370,1
24373,1
24377,1
24381,0
24383,1
24387,0
24389,1
24396,1
24402,1
24404,1
24411,1
24414,1
24417,1
24418,1
24424,0
24428,1
24430,1
24433,1
24434,1
24436,1
24438,0
24439,0
24443,1
24448,1
24450,1
24452,1
24456,1
24465,0
24468,1
24484,1
24485,1
24487,1
24489,1
24491,1
24493,1
24496,1
24499,1
24503,1
24505,1
24512,1
24513,1
24514,0
24515,0
24523,1
24525,0
24526,1
24528,1
24532,1
24544,0
24545,1
24547,1
24550,0
24551,0
24555,1
24556,0
24557,1
24563,1
24566,1
24569,1
24570,0
24571,0
24572,1
24579,1
24584,1
24593,1
24599,1
24603,1
24604,0
24609,0
24610,1
24611,0
24613,1
24615,1
24616,0
24619,0
24621,1
24622,0
24623,1
24626,1
24627,1
24633,1
24638,0
24639,1
24642,1
24645,1
24652,1
24653,1
24654,1
24658,0
24659,1
24660,0
24662,0
24673,1
24674,1
24675,1
24678,1
24680,0
24682,0
24684,0
24689,1
24692,1
24693,1
24694,1
24702,1
24710,0
24712,0
24713,1
24715,1
24717,1
24722,1
24724,1
24733,1
24737,1
24739,0
24743,0
24746,1
24751,0
24754,1
24755,1
24756,0
24757,0
24758,1
24759,1
24764,0
24766,1
24769,1
24770,1
24779,0
24782,1
24783,1
24784,1
24785,1
24788,1
24790,1
24791,1
24796,0
24802,1
24804,1
24805,1
24806,1
24807,0
24809,1
24811,0
24820,1
24822,1
24824,0
24830,1
24831,1
24835,0
24838,1
24843,1
24847,1
24848,1
24857,1
24859,1
24860,0
24869,1
24872,1
24878,1
24879,1
24889,1
24896,0
24905,1
24910,0
24911,0
24914,1
24916,0
24921,0
24922,1
24923,1
24926,1
24929,1
24930,1
24945,1
24947,0
24951,1
24952,1
24955,1
24957,1
24958,1
24961,0
24968,1
24969,0
24970,0
24974,1
24976,1
24980,1
24982,1
24985,1
24986,0
24991,1
24993,1
24997,1
25000,0
25003,1
25007,0
25011,0
25014,1
25020,1
25024,1
25025,0
25033,1
25035,1
25038,1
25039,1
25040,0
25046,0
25049,1
25058,1
25064,0
25069,1
25073,1
25078,0
25081,1
25083,0
25087,1
25088,1
25089,1
25093,1
25097,0
25100,1
25106,1
25109,1
25112,1
25114,0
25117,1
25118,1
25120,1
25126,1
25131,0
25133,1
25134,1
25135,0
25136,0
25137,1
25138,0
25141,0
25143,1
25146,1
25149,1
25158,0
25169,1
25170,1
25171,1
25172,0
25177,1
25184,0
25189,0
25191,1
25196,0
25197,1
25200,0
25201,1
25205,0
25207,1
25209,1
25216,0
25222,1
25224,0
25228,1
25231,1
25235,1
25236,1
25237,1
25238,0
25239,1
25240,1
25243,1
25248,1
25249,1
25251,0
25252,1
25253,1
25256,1
25259,1
25268,1
25269,1
25271,1
25274,1
25278,0
25279,1
25285,1
25291,1
25294,1
25298,1
25299,1
25302,1
25304,1
25309,1
25326,1
25329,0
25330,1
25331,1
25335,1
25337,1
25340,1
25342,0
25343,1
25347,1
25348,1
25349,1
25350,0
25351,0
25352,1
25362,0
25366,1
25372,1
25374,1
25378,0
25379,1
25385,1
25387,1
25390,1
25393,0
25396,1
25398,1
25400,1
25402,0
25403,1
25406,1
25410,1
25413,1
25414,1
25421,1
25423,1
25424,1
25425,1
25430,1
25438,1
25444,0
25449,0
25456,1
25458,1
25462,0
25464,0
25468,1
25471,0
25472,1
25474,1
25476,1
25484,1
25486,1
25490,1
25495,1
25498,1
25501,1
25502,0
25516,1
25528,1
25535,0
25539,0
25540,1
25545,1
25546,1
25553,1
25554,1
25557,1
25559,0
25568,1
25570,1
25572,1
25575,1
25577,1
25580,0
25590,1
25601,1
25602,1
25604,1
25607,1
25611,1
25612,1
25613,0
25622,0
25632,1
25633,1
25634,1
25635,1
25638,1
25641,1
25642,0
25644,1
25646,1
25647,1
25651,0
25659,1
25660,1
25664,1
25666,1
25669,0
25671,1
25673,1
25674,1
25677,1
25678,1
25682,1
25684,1
25689,0
25698,1
25699,1
25700,1
25703,0
25704,1
25708,1
25714,1
25715,1
25721,1
25722,1
25731,1
25732,0
25734,1
25736,1
25739,1
25747,1
25749,1
25751,0
25752,1
25755,1
25757,0
25760,1
25762,1
25764,0
25766,1
25773,1
25774,1
25775,1
25780,0
25782,1
25785,1
25788,0
25791,0
25793,1
25796,1
25804,1
25805,0
25806,1
25810,0
25812,0
25813,0
25815,1
25819,1
25825,1
25829,0
25830,0
25831,0
25832,1
25834,1
25837,1
25839,1
25846,1
25850,1
25853,1
25858,1
25859,1
25866,1
25868,0
25873,1
25874,0
25876,1
25877,1
25889,1
25893,1
25894,0
25895,1
25896,1
25899,0
25902,0
25904,1
25905,1
25911,0
25917,1
25921,0
25923,1
25925,0
25926,0
25927,1
25930,1
25931,1
25936,1
25937,0
25938,0
25939,1
25943,1
25951,1
25956,1
25958,1
25959,1
25962,1
25964,0
25972,1
25976,1
25977,1
25978,1
25979,1
25986,1
25987,0
25988,0
25990,1
25991,1
25996,1
25999,0
26004,1
26005,1
26006,1
26009,0
26010,1
26013,1
26014,1
26018,1
26020,1
26022,1
26025,1
26028,1
26034,0
26036,0
26037,1
26041,1
26044,1
26046,1
26047,0
26049,0
26053,1
26056,1
26057,1
26061,1
26067,0
26068,0
26070,1
26071,0
26076,1
26083,0
26087,1
26089,1
26092,0
26094,1
26097,1
26098,1
26102,1
26104,1
26107,1
26108,1
26110,1
26112,1
26113,1
26116,1
26118,1
26122,1
26125,0
26129,1
26132,1
26134,1
26140,0
26146,1
26147,0
26150,1
26154,1
26155,0
26156,1
26159,1
26160,1
26162,1
26169,0
26173,1
26181,0
26182,1
26183,1
26186,1
26189,1
26190,1
26193,1
26195,1
26204,1
26205,1
26206,0
26208,1
26215,1
26217,1
26219,1
26222,1
26225,1
26232,0
26233,0
26237,1
26240,1
26241,1
26242,1
26248,1
26249,1
26251,0
26253,1
26256,1
26259,1
26260,1
26263,1
26266,1
26267,1
26272,1
26277,1
26280,0
26285,1
26289,1
26290,0
26293,1
26295,0
26298,1
26299,1
26300,1
26303,1
26305,1
26311,1
26315,1
26318,0
26320,0
26321,0
26322,1
26326,1
26338,1
26340,1
26342,0
26343,1
26344,1
26348,1
26349,1
26350,0
26351,1
26355,1
26358,1
26360,1
26362,1
26372,1
26375,1
26378,0
26384,1
26387,1
26388,1
26391,1
26394,1
26399,1
26401,1
26402,1
26407,0
26412,1
26415,1
26419,1
26424,1
26427,1
26428,1
26432,1
26433,1
26439,0
26440,1
26446,1
26448,0
26450,1
26451,1
26453,0
26456,1
26459,0
26462,1
26465,1
26466,1
26472,1
26475,1
26477,1
26479,0
26480,1
26481,1
26486,1
26490,1
26492,1
26493,1
26503,1
26507,1
26512,1
26513,1
26515,1
26516,0
26518,0
26519,0
26521,1
26526,0
26527,1
26529,1
26532,1
26534,0
26540,0
26541,1
26544,1
26546,0
26553,1
26554,1
26568,1
26569,1
26570,0
26577,0
26581,1
26583,1
26585,1
26587,0
26590,1
26595,1
26596,1
26598,0
26601,1
26605,1
26606,1
26616,1
26625,1
26627,1
26630,1
26631,1
26632,1
26640,0
26641,1
26646,1
26649,1
26650,1
26651,0
26657,0
26661,1
26662,1
26665,1
26670,1
26671,1
26672,1
26674,0
26676,1
26678,1
26679,1
26681,1
26685,1
26687,0
26690,1
26692,1
26696,1
26700,1
26704,1
26705,1
26707,1
26710,1
26711,1
26713,0
26714,1
26717,0
26718,1
26723,1
26732,0
26736,1
26739,1
26744,0
26750,1
26758,0
26759,1
26760,0
26774,1
26777,1
26782,0
26785,1
26787,1
26788,0
26794,1
26797,1
26802,1
26804,1
26808,1
26818,1
26830,1
26833,1
26836,1
26839,1
26842,0
26850,0
26851,1
26853,1
26854,0
26857,1
26858,1
26859,1
26861,1
26862,1
26864,1
26865,1
26870,0
26871,1
26877,1
26879,1
26884,1
26886,1
26887,1
26895,1
26898,1
26901,0
26903,1
26907,1
26908,0
26909,1
26911,1
26920,1
26921,1
26930,1
26933,1
26935,1
26940,1
26941,1
26942,1
26945,1
26948,0
26953,1
26954,0
26956,1
26958,0
26963,1
26964,0
26965,1
26967,1
26972,1
26975,1
26979,0
26987,1
26992,1
26993,0
26996,1
27001,1
27003,1
27004,1
27017,1
27020,1
27025,1
27034,1
27038,0
27041,1
27043,1
27045,1
27053,1
27061,0
27062,1
27063,1
27066,1
27073,0
27078,1
27079,1
27080,0
27083,1
27086,0
27087,1
27090,0
27094,1
27096,1
27097,1
27100,0
27102,1
27105,1
27106,0
27107,1
27116,1
27117,0
27122,1
27123,0
27125,1
27126,1
27128,0
27130,0
27131,1
27144,1
27152,1
27153,1
27158,0
27160,1
27161,0
27164,1
27165,1
27168,1
27177,1
27181,1
27182,1
27191,1
27195,1
27196,1
27197,1
27198,1
27203,1
27204,0
27207,1
27208,1
27209,1
27212,1
27218,1
27219,1
27223,1
27231,0
27232,1
27237,1
27238,1
27239,1
27243,1
27244,1
27245,0
27247,1
27253,0
27257,0
27264,1
27265,1
27266,1
27268,1
27269,0
27274,1
27277,0
27278,0
27283,0
27288,1
27296,0
27298,1
27300,1
27301,1
27302,1
27308,1
27310,0
27320,1
27322,1
27325,1
27329,1
27330,1
27335,1
27347,1
27358,0
27367,0
27368,1
27373,1
27376,1
27377,1
27387,1
27402,1
27403,0
27411,1
27417,1
27418,0
27426,1
27427,1
27429,1
27431,1
27441,1
27442,1
27446,1
27449,1
27455,1
27456,1
27458,1
27461,0
27463,0
27465,1
27468,1
27469,1
27470,0
27473,0
27474,1
27479,1
27482,1
27484,1
27492,1
27494,1
27495,0
27496,1
27497,1
27498,1
27501,1
27503,0
27509,1
27510,1
27513,1
27515,1
27516,1
27521,1
27524,1
27526,1
27528,0
27529,1
27534,1
27537,1
27539,1
27540,1
27548,1
27553,1
27560,0
27564,0
27567,1
27575,1
27578,0
27582,1
27586,1
27587,1
27588,1
27594,1
27595,1
27596,1
27597,1
27601,1
27604,1
27605,0
27607,1
27609,1
27610,1
27613,0
27614,1
27619,0
27624,0
27625,1
27627,1
27635,1
27636,0
27641,1
27648,1
27649,0
27652,0
27653,1
27658,1
27661,1
27674,1
27675,1
27676,1
27679,1
27681,0
27683,1
27684,1
27685,1
27689,1
27692,1
27694,0
27698,0
27699,1
27700,1
27702,1
27704,1
27705,1
27706,1
27707,1
27709,1
27715,0
27717,1
27718,1
27719,1
27723,0
27725,1
27727,1
27728,1
27735,1
27736,1
27737,1
27741,1
27745,0
27746,1
27748,0
27755,1
27761,1
27763,0
27764,1
27766,0
27770,1
27772,1
27773,1
27781,1
27782,0
27787,1
27791,1
27793,1
27795,0
27797,1
27802,1
27806,1
27810,1
27811,1
27814,1
27820,1
27824,1
27829,0
27830,1
27833,1
27834,0
27835,1
27837,1
27839,1
27842,1
27850,1
27856,1
27857,0
27858,1
27862,1
27871,1
27872,1
27873,1
27874,1
27880,1
27886,1
27892,0
27893,1
27894,0
27900,1
27902,1
27909,1
27913,1
27914,1
27916,1
27917,1
27918,1
27921,1
27932,0
27934,1
27945,1
27950,1
27954,0
27958,1
27959,1
27960,1
27962,1
27965,1
27968,1
27969,1
27971,1
27979,1
27980,1
27982,1
27983,1
27986,1
27989,1
27994,0
27995,0
27996,1
27997,1
28006,0
28007,1
28008,1
28010,1
28011,1
28015,0
28018,0
28027,0
28030,1
28031,1
28034,1
28036,1
28037,1
28040,1
28042,1
28043,0
28048,1
28050,1
28051,1
28052,1
28055,1
28056,1
28061,0
28063,0
28065,0
28069,0
28071,1
28074,0
28075,0
28077,1
28078,1
28079,1
28084,1
28086,1
28087,1
28088,0
28090,1
28093,1
28094,0
28095,1
28096,1
28098,1
28104,1
28105,1
28108,1
28113,1
28116,0
28117,0
28118,1
28125,0
28126,1
28127,1
28133,1
28134,1
28136,1
28139,0
28140,1
28143,1
28145,1
28147,1
28148,0
28149,1
28156,1
28160,1
28161,1
28166,1
28172,1
28173,0
28180,1
28181,0
28182,1
28183,0
28187,0
28194,1
28196,1
28197,1
28204,1
28216,1
28217,1
28219,0
28220,1
28224,0
28226,0
28232,1
28239,1
28246,1
28254,1
28256,1
28257,1
28262,0
28264,1
28267,1
28269,1
28275,1
28279,1
28280,1
28287,1
28288,0
28292,1
28294,0
28298,1
28306,0
28317,1
28318,1
28323,1
28329,1
28331,0
28334,0
28336,1
28339,0
28341,1
28347,1
28349,1
28351,0
28353,1
28354,1
28357,0
28359,0
28362,1
28363,1
28368,1
28370,1
28371,1
28374,0
28377,1
28378,1
28388,1
28395,1
28397,0
28399,1
28403,1
28405,1
28408,1
28422,0
28426,1
28433,1
28437,1
28441,1
28444,0
28451,1
28456,1
28459,1
28466,0
28467,1
28471,1
28475,0
28481,1
28483,0
28486,1
28491,1
28492,1
28493,1
28495,1
28499,1
28500,0
28502,0
28507,1
28510,1
28516,1
28523,1
28524,0
28525,1
28528,1
28529,0
28532,1
28537,0
28538,0
28540,0
28542,1
28549,1
28551,0
28552,1
28553,1
28554,0
28560,0
28561,1
28563,1
28570,1
28571,0
28574,1
28577,1
28578,0
28582,1
28586,1
28587,1
28588,1
28593,1
28595,1
28596,0
28598,1
28599,1
28600,0
28607,1
28610,1
28617,1
28623,0
28624,0
28631,0
28636,1
28644,1
28647,1
28649,1
28650,0
28660,1
28661,1
28662,1
28666,1
28672,1
28673,0
28682,1
28687,1
28691,1
28692,1
28693,1
28695,1
28697,0
28702,1
28711,1
28712,1
28716,1
28717,0
28718,0
28720,1
28722,1
28723,1
28730,1
28732,0
28736,1
28737,0
28738,1
28739,1
28745,1
28746,1
28749,1
28756,1
28763,1
28766,1
28767,1
28768,0
28770,1
28772,0
28773,1
28778,1
28786,1
28793,1
28794,1
28795,0
28806,0
28809,1
28812,1
28813,1
28815,1
28816,0
28824,1
28827,0
28829,0
28830,1
28831,0
28832,1
28834,1
28835,1
28841,0
28842,1
28848,1
28850,1
28862,0
28863,1
28867,1
28869,1
28870,1
28873,1
28876,1
28887,1
28896,0
28900,1
28901,1
28903,0
28909,1
28913,0
28918,1
28923,1
28932,1
28934,1
28936,0
28939,1
28944,0
28945,1
28950,1
28951,1
28953,1
28957,0
28960,0
28962,1
28964,1
28972,0
28980,0
28981,1
28985,1
28987,0
28989,1
28990,1
28994,1
28997,0
29000,0
29003,1
29006,1
29008,1
29017,0
29018,0
29024,0
29026,1
29032,0
29033,0
29034,1
29037,1
29041,1
29043,0
29045,1
29055,0
29061,1
29064,1
29065,0
29066,1
29070,1
29072,1
29081,0
29092,1
29097,0
29103,1
29111,1
29116,0
29122,1
29125,0
29128,0
29129,0
29131,0
29133,1
29134,1
29137,1
29138,1
29141,1
29143,1
29150,1
29152,0
29154,1
29161,0
29162,0
29177,0
29186,1
29188,1
29193,0
29198,0
29200,1
29202,0
29203,1
29207,1
29214,1
29215,0
29218,1
29219,1
29224,0
29227,1
29228,0
29229,1
29231,1
29232,1
29234,1
29238,0
29239,1
29246,1
29251,0
29254,0
29260,1
29261,1
29262,1
29263,1
29268,1
29273,1
29274,1
29275,0
29279,1
29289,0
29290,1
29291,1
29297,1
29300,1
29301,1
29304,1
29312,0
29313,1
29325,0
29326,1
29329,1
29331,1
29336,1
29341,1
29345,0
29348,0
29349,1
29351,1
29354,1
29355,1
29358,1
29359,1
29360,0
29363,1
29368,1
29372,1
29373,0
29376,0
29377,1
29379,1
29380,1
29381,1
29383,1
29389,1
29394,1
29395,1
29397,1
29407,0
29411,1
29414,1
29417,1
29419,0
29426,1
29427,1
29433,1
29436,1
29437,0
29440,1
29441,1
29450,0
29453,1
29455,1
29456,0
29457,0
29461,1
29463,1
29469,1
29472,1
29476,0
29480,1
29482,0
29486,0
29496,1
29506,1
29507,0
29508,1
29513,1
29519,1
29520,0
29528,1
29530,1
29537,1
29538,1
29540,1
29542,1
29551,0
29552,0
29553,1
29554,1
29556,0
29559,1
29561,1
29567,1
29569,0
29574,1
29575,1
29576,1
29578,1
29584,1
29585,0
29587,1
29588,1
29592,1
29597,1
29599,1
29607,1
29612,1
29614,1
29623,1
29626,0
29640,0
29642,1
29644,1
29645,0
29650,1
29652,1
29656,1
29658,1
29662,1
29664,1
29672,1
29674,1
29676,0
29677,1
29680,1
29691,1
29693,1
29696,0
29706,0
29707,1
29708,1
29714,0
29715,1
29716,1
29718,1
29719,1
29723,1
29724,1
29727,1
29728,1
29729,1
29730,0
29731,1
29735,1
29736,1
29739,1
29742,1
29743,0
29745,1
29746,1
29748,1
29752,1
29755,1
29756,1
29758,1
29759,1
29761,0
29763,0
29764,1
29766,1
29775,0
29778,1
29780,0
29782,1
29784,1
29785,1
29791,1
29797,1
29800,0
29801,1
29805,1
29809,1
29810,1
29813,1
29815,0
29822,1
29824,1
29825,1
29826,1
29829,1
29834,1
29837,0
29841,0
29842,1
29845,1
29846,1
29850,1
29860,0
29868,0
29872,1
29875,1
29876,0
29885,1
29886,0
29887,1
29891,0
29896,1
29898,0
29900,1
29904,0
29908,1
29909,1
29910,1
29914,1
29915,1
29919,1
29921,1
29922,1
29926,1
29929,1
29932,1
29934,1
29937,1
29940,1
29943,1
29944,1
29946,1
29951,0
29952,1
29953,1
29962,1
29969,1
29970,1
29972,1
29973,1
29974,0
29976,0
29977,1
29979,1
29986,0
29992,1
29995,0
29997,0
29998,1
30000,0
30004,1
30005,1
30008,1
30013,1
30014,1
30017,1
30019,0
30020,1
30022,1
30025,0
30026,1
30028,0
30032,1
30035,0
30036,0
30038,1
30041,0
30044,0
30049,1
30052,0
30055,1
30057,1
30059,1
30060,1
30061,1
30066,0
30069,1
30071,0
30073,0
30076,0
30080,0
30081,1
30084,1
30085,1
30090,0
30094,1
30095,0
30102,1
30104,1
30106,1
30114,0
30115,1
30119,1
30126,0
30129,1
30133,1
30141,0
30143,1
30144,0
30145,1
30146,0
30152,1
30164,1
30167,1
30169,1
30175,1
30176,0
30184,1
30186,1
30194,1
30195,0
30196,0
30204,1
30212,1
30224,1
30225,1
30226,1
30228,1
30231,0
30237,1
30238,1
30239,1
30241,1
30242,1
30243,1
30245,1
30247,0
30249,0
30253,1
30258,1
30259,1
30262,1
30264,1
30265,1
30268,1
30272,1
30274,1
30275,1
30276,1
30277,1
30285,1
30286,1
30289,1
30290,1
30292,1
30293,1
30294,1
30296,1
30299,1
30305,1
30310,0
30313,1
30315,0
30317,1
30329,1
30330,1
30335,0
30337,1
30340,0
30343,1
30349,1
30351,0
30353,1
30354,0
30355,1
30356,0
30357,0
30359,1
30360,0
30364,1
30369,1
30370,0
30374,1
30380,0
30386,1
30390,1
30392,1
30393,1
30394,1
30402,0
30410,1
30416,1
30417,1
30421,1
30422,0
30423,0
30424,1
30425,1
30426,1
30436,0
30437,1
30440,1
30443,1
30445,1
30446,1
30447,1
30449,1
30450,1
30452,1
30453,0
30457,1
30458,0
30460,1
30461,1
30466,1
30469,0
30470,1
30471,1
30474,1
30478,1
30479,0
30480,0
30482,1
30483,0
30504,1
30506,0
30510,0
30513,1
30517,1
30519,0
30523,1
30524,1
30525,1
30528,0
30529,1
30545,0
30547,1
30552,1
30557,1
30558,1
30560,1
30562,1
30568,0
30575,1
30577,1
30578,0
30583,1
30585,0
30589,1
30590,1
30596,1
30599,1
30607,1
30608,1
30609,1
30614,0
30615,0
30616,1
30623,1
30625,0
30639,0
30640,0
30648,1
30651,1
30652,1
30658,0
30659,0
30662,0
30665,0
30666,1
30667,1
30670,1
30674,0
30679,1
30684,0
30685,1
30696,1
30697,1
30699,0
30704,1
30706,1
30715,0
30719,0
30720,1
30721,0
30722,0
30728,1
30732,1
30736,1
30743,0
30744,1
30745,0
30747,1
30748,1
30752,1
30754,1
30756,1
30759,1
30766,1
30768,1
30773,1
30774,1
30777,1
30781,1
30782,0
30785,0
30786,1
30788,0
30789,0
30790,1
30792,1
30793,1
30798,0
30802,1
30808,1
30815,1
30818,1
30820,1
30822,1
30831,1
30834,1
30838,1
30839,1
30847,1
30850,1
30857,1
30863,0
30865,1
30866,1
30874,1
30875,1
30877,1
30879,0
30883,0
30884,1
30894,1
30896,1
30897,1
30898,0
30900,0
30905,0
30906,1
30913,1
30914,1
30917,0
30920,1
30921,1
30922,1
30925,1
30926,1
30927,0
30929,1
30931,1
30933,0
30937,0
30938,0
30946,1
30949,1
30955,0
30957,1
30960,1
30967,1
30969,1
30970,1
30974,1
30975,1
30985,1
30987,1
30993,1
30995,0
30997,1
31003,1
31004,0
31005,1
31006,0
31008,1
31010,1
31011,1
31015,1
31025,1
31027,0
31034,1
31039,1
31042,1
31043,0
31047,1
31050,1
31051,1
31054,1
31058,0
31060,1
31063,0
31064,1
31066,0
31067,1
31068,0
31070,1
31071,0
31072,0
31074,1
31076,1
31078,1
31079,1
31096,1
31098,0
31104,1
31107,0
31115,0
31116,1
31118,1
31119,1
31123,1
31124,1
31127,1
31142,0
31144,0
31147,1
31148,1
31150,1
31151,1
31153,1
31156,1
31160,1
31162,1
31172,0
31175,1
31176,1
31177,1
31182,1
31188,1
31189,1
31191,1
31193,0
31198,0
31202,1
31206,0
31207,1
31213,1
31216,0
31221,0
31222,0
31223,1
31224,0
31227,0
31229,1
31232,1
31235,1
31243,0
31254,1
31258,1
31259,0
31263,1
31265,0
31266,1
31267,1
31268,1
31269,1
31270,1
31272,0
31273,1
31283,1
31284,0
31291,1
31292,0
31296,0
31298,0
31301,1
31304,0
31305,1
31309,1
31311,1
31315,1
31316,0
31320,1
31324,1
31335,0
31342,1
31347,0
31348,1
31352,1
31353,0
31361,1
31366,1
31371,1
31373,1
31375,1
31378,1
31380,1
31384,1
31389,0
31390,1
31399,1
31405,1
31407,1
31409,1
31410,0
31412,0
31414,0
31422,1
31425,1
31428,1
31429,1
31432,1
31433,1
31434,0
31436,1
31437,0
31438,1
31441,1
31449,1
31450,1
31457,1
31458,0
31463,0
31465,1
31470,1
31472,1
31473,1
31475,0
31479,0
31483,1
31485,1
31488,1
31491,0
31492,1
31494,0
31496,1
31499,0
31500,1
31503,1
31505,1
31507,1
31510,0
31513,1
31516,0
31522,1
31524,1
31525,1
31526,1
31529,0
31530,1
31533,1
31534,0
31535,1
31545,1
31548,1
31549,1
31555,1
31558,1
31565,0
31568,0
31569,0
31570,1
31573,1
31582,1
31584,1
31590,0
31601,0
31603,1
31604,1
31605,1
31610,0
31611,0
31613,1
31615,1
31616,1
31619,0
31627,0
31628,1
31637,0
31638,0
31639,1
31641,0
31644,0
31649,1
31651,1
31653,1
31656,1
31658,0
31661,1
31668,1
31669,0
31671,0
31687,1
31695,1
31701,1
31704,0
31706,1
31716,1
31717,1
31736,1
31738,1
31740,1
31743,0
31746,1
31747,0
31748,1
31754,0
31755,1
31756,1
31757,1
31763,0
31764,1
31765,1
31766,0
31767,1
31769,0
31783,0
31785,0
31790,1
31797,1
31798,1
31799,1
31800,1
31804,1
31805,0
31809,1
31814,1
31816,1
31817,0
31818,1
31823,1
31836,1
31839,0
31840,0
31841,1
31843,1
31845,0
31847,0
31850,0
31857,0
31862,0
31869,0
31870,1
31873,0
31877,0
31878,1
31879,1
31883,1
31889,1
31891,1
31893,1
31894,0
31899,1
31901,0
31902,1
31903,1
31904,0
31905,1
31912,0
31914,1
31919,0
31921,0
31923,0
31925,0
31928,1
31934,1
31940,1
31941,1
31946,0
31947,1
31950,1
31952,1
31953,0
31957,1
31958,1
31962,1
31963,1
31964,1
31967,0
31973,0
31976,1
31977,1
31989,1
31991,0
31993,0
31994,1
32000,1
32002,0
32005,0
32008,0
32013,0
32014,0
32015,1
32017,1
32026,1
32029,1
32030,0
32031,0
32033,0
32038,0
32041,1
32042,0
32049,0
32054,1
32057,0
32060,1
32062,0
32066,1
32075,1
32080,1
32083,1
32090,1
32091,1
32098,1
32109,1
32113,0
32117,1
32118,1
32119,1
32131,0
32132,1
32133,1
32137,0
32145,1
32146,1
32156,0
32158,1
32161,1
32162,1
32163,1
32165,1
32166,0
32173,1
32177,1
32180,1
32184,1
32185,1
32188,1
32199,1
32202,1
32204,1
32205,1
32206,1
32207,1
32209,1
32211,1
32212,0
32213,0
32214,1
32215,1
32220,1
32223,1
32226,1
32228,1
32231,1
32233,1
32235,1
32241,0
32243,1
32244,1
32245,0
32246,0
32259,1
32265,0
32266,1
32268,0
32269,1
32270,1
32275,1
32276,1
32278,1
32279,1
32284,0
32285,1
32295,1
32305,0
32308,1
32311,1
32313,1
32320,1
32326,1
32327,1
32330,1
32332,1
32333,1
32338,1
32340,1
32352,0
32355,1
32360,1
32361,0
32367,1
32370,0
32372,0
32373,1
32382,0
32383,1
32386,1
32391,1
32392,1
32395,1
32397,1
32398,1
32399,1
32401,0
32404,1
32405,0
32406,1
32408,1
32416,0
32417,1
32419,1
32420,1
32424,0
32429,1
32430,0
32433,0
32438,1
32449,1
32451,1
32454,0
32455,0
32460,0
32465,1
32472,0
32473,1
32479,1
32480,1
32487,0
32488,0
32489,1
32492,0
32493,1
32494,0
32496,1
32497,1
32498,1
32501,1
32503,0
32505,0
32506,0
32511,1
32515,1
32520,1
32523,0
32525,0
32526,1
32530,1
32531,1
32544,1
32545,1
32549,1
32555,1
32561,1
32565,1
32568,0
32570,0
32571,0
32576,0
32577,1
32578,1
32580,1
32582,0
32586,1
32592,0
32597,1
32599,0
32604,1
32607,0
32608,1
32609,0
32614,1
32620,1
32625,1
32627,1
32628,1
32639,1
32642,1
32646,0
32649,1
32658,0
32661,1
32663,1
32664,1
32666,1
32669,1
32678,1
32680,0
32683,1
32690,0
32693,1
32710,1
32711,1
32715,1
32716,0
32719,1
32721,1
32723,0
32724,1
32730,0
32735,1
32737,1
32742,0
32743,1
32747,1
32748,1
32749,1
32750,1
32751,1
32754,1
32755,0
32756,1
32758,1
32761,0
32765,1
32767,1
32771,1
32774,1
32776,1
32778,1
32785,1
32787,0
32791,0
32794,0
32801,0
32802,1
32806,1
32809,1
32816,0
32823,0
32824,0
32827,1
32831,1
32835,1
32839,1
32840,1
32841,1
32846,0
32847,1
32854,1
32855,1
32856,1
32857,1
32861,1
32863,1
32865,1
32866,0
32867,1
32870,1
32872,0
32877,0
32881,0
32889,1
32892,1
32893,1
32894,1
32895,0
32898,1
32902,0
32903,0
32905,0
32907,1
32908,0
32913,1
32914,1
32915,1
32920,0
32931,1
32932,1
32934,1
32941,0
32945,1
32949,1
32950,1
32951,1
32952,0
32954,0
32955,1
32958,1
32961,1
32962,1
32969,1
32970,1
32976,1
32980,0
32981,1
32986,1
32987,1
32990,1
32993,1
32995,1
32996,1
33005,1
33010,0
33019,0
33022,1
33025,0
33027,1
33029,1
33032,1
33034,1
33037,1
33041,1
33044,0
33046,1
33048,1
33049,1
33056,0
33061,1
33067,1
33072,0
33075,1
33081,1
33082,1
33084,1
33090,1
33091,1
33092,1
33097,0
33101,0
33103,0
33106,1
33107,1
33108,1
33109,1
33111,1
33113,1
33117,1
33118,1
33119,1
33122,1
33126,1
33129,1
33137,1
33138,0
33140,1
33146,0
33148,1
33149,1
33153,1
33155,0
33159,1
33162,0
33168,0
33170,0
33174,1
33175,1
33180,0
33186,1
33189,1
33193,1
33194,1
33197,1
33198,1
33201,0
33202,1
33203,0
33209,1
33210,1
33221,1
33225,1
33227,0
33230,1
33232,0
33233,1
33238,1
33242,1
33250,1
33253,1
33255,1
33266,1
33267,1
33270,0
33271,1
33272,1
33274,1
33284,0
33287,1
33293,1
33297,1
33298,0
33300,1
33302,0
33304,1
33305,0
33307,0
33310,1
33312,1
33316,1
33317,0
33320,0
33321,1
33324,1
33331,0
33332,1
33335,1
33336,1
33337,1
33339,0
33342,1
33344,1
33346,0
33347,0
33349,1
33351,0
33355,1
33357,1
33358,1
33359,0
33364,0
33366,0
33367,1
33369,1
33373,1
33378,1
33380,0
33382,1
33384,1
33387,1
33388,1
33391,1
33397,1
33400,1
33402,1
33403,0
33404,1
33405,1
33407,1
33408,1
33409,1
33417,0
33418,1
33420,1
33424,1
33426,0
33436,1
33440,0
33445,1
33452,1
33453,0
33456,1
33460,1
33461,1
33462,1
33468,1
33470,1
33480,1
33483,1
33488,1
33491,1
33492,1
33495,0
33496,1
33497,1
33499,0
33501,0
33504,1
33505,1
33507,0
33514,1
33524,1
33530,1
33536,0
33537,1
33543,0
33544,1
33548,1
33552,0
33554,1
33556,1
33558,0
33560,1
33561,1
33563,1
33569,1
33574,1
33575,1
33576,1
33577,1
33584,1
33585,1
33588,1
33593,0
33596,1
33597,1
33599,1
33601,1
33604,1
33605,0
33616,1
33617,1
33621,1
33630,1
33633,1
33637,1
33638,1
33641,1
33646,1
33649,1
33650,1
33652,1
33653,1
33662,0
33663,0
33664,1
33667,0
33676,1
33681,1
33689,1
33691,0
33695,1
33699,1
33706,1
33715,1
33720,0
33722,1
33725,0
33728,1
33730,1
33732,1
33733,1
33736,1
33738,1
33739,0
33741,1
33742,1
33761,1
33762,0
33763,1
33768,1
33769,1
33776,0
33778,1
33784,0
33785,1
33791,1
33792,1
33795,1
33796,1
33799,1
33801,0
33803,1
33804,0
33805,1
33808,1
33809,1
33813,0
33820,1
33821,1
33822,1
33825,1
33828,1
33831,1
33832,1
33840,1
33841,1
33851,1
33852,0
33854,1
33855,1
33856,1
33863,1
33864,1
33876,0
33878,0
33880,1
33884,1
33885,1
33888,1
33894,1
33898,0
33902,0
33904,1
33908,1
33910,0
33911,1
33913,1
33915,1
33916,1
33920,1
33921,0
33925,1
33930,1
33935,1
33940,1
33945,1
33953,1
33954,1
33958,1
33973,0
33974,1
33979,0
33980,1
33982,0
33986,1
33987,1
33988,1
33993,0
33996,1
34000,1
34001,1
34002,1
34006,0
34011,1
34015,1
34017,1
34022,0
34026,1
34027,1
34030,1
34032,1
34033,1
34034,1
34039,1
34040,1
34043,1
34044,1
34045,1
34046,0
34048,1
34049,0
34054,1
34056,1
34061,1
34063,1
34066,0
34068,0
34075,0
34080,1
34081,1
34083,1
34085,1
34089,1
34091,1
34093,1
34094,1
34096,1
34097,1
34098,1
34105,1
34106,1
34110,1
34113,1
34117,0
34121,1
34125,1
34131,1
34132,1
34136,1
34137,1
34141,1
34143,1
34144,1
34145,1
34149,0
34150,1
34160,1
34172,1
34175,1
34180,0
34183,1
34184,1
34187,1
34189,1
34193,1
34195,1
34198,1
34199,1
34200,1
34201,1
34205,0
34206,1
34207,0
34209,1
34213,1
34214,1
34218,1
34224,1
34236,1
34237,1
34239,1
34240,0
34247,1
34248,0
34250,0
34251,1
34254,1
34259,1
34261,1
34270,0
34273,1
34274,0
34275,1
34276,0
34281,0
34282,0
34284,1
34289,1
34292,1
34295,1
34296,0
34302,1
34303,1
34306,1
34308,1
34309,1
34312,1
34319,0
34321,1
34323,0
34328,1
34334,1
34336,0
34337,1
34339,1
34340,1
34343,0
34347,1
34348,1
34357,0
34359,1
34367,1
34368,1
34373,1
34374,1
34380,1
34387,1
34393,1
34395,1
34397,1
34404,0
34408,1
34409,1
34417,0
34423,1
34426,0
34429,1
34432,1
34435,1
34440,1
34441,0
34443,1
34445,1
34451,1
34452,1
34455,1
34460,1
34464,1
34466,1
34468,1
34469,1
34471,1
34480,0
34482,0
34486,1
34487,0
34490,1
34494,1
34502,1
34507,0
34508,1
34510,1
34514,0
34518,1
34522,1
34527,1
34529,1
34531,1
34539,0
34540,1
34544,1
34548,1
34549,1
34552,0
34553,1
34554,1
34556,1
34558,1
34560,1
34562,0
34563,1
34564,1
34565,1
34567,1
34568,1
34571,1
34576,1
34577,1
34578,1
34589,1
34592,1
34596,1
34597,0
34602,1
34603,1
34605,0
34610,1
34611,0
34613,1
34616,1
34617,0
34618,0
34620,0
34621,0
34625,1
34627,0
34631,1
34632,0
34634,1
34637,1
34653,1
34657,1
34660,0
34661,1
34663,1
34667,0
34668,1
34670,1
34673,1
34676,1
34678,1
34680,1
34681,1
34683,1
34685,1
34686,1
34687,1
34691,1
34695,1
34704,1
34709,0
34710,1
34712,0
34720,0
34723,1
34724,1
34727,0
34729,1
34730,1
34733,1
34734,1
34741,1
34745,1
34756,1
34759,1
34760,1
34769,1
34770,1
34773,1
34777,1
34782,1
34784,1
34785,0
34789,0
34790,1
34794,1
34795,1
34797,1
34802,1
34805,1
34806,1
34810,1
34811,1
34815,1
34822,1
34824,0
34825,1
34828,1
34831,1
34832,1
34835,0
34839,0
34842,1
34856,0
34857,1
34862,1
34864,1
34865,1
34868,1
34869,1
34873,1
34880,1
34884,1
34888,1
34890,1
34892,1
34895,1
34906,1
34910,1
34914,1
34917,0
34926,0
34927,0
34928,1
34931,1
34933,1
34935,1
34937,1
34938,1
34941,0
34949,1
34950,1
34951,0
34955,1
34958,1
34959,1
34962,1
34965,0
34967,1
34969,1
34971,1
34972,0
34983,1
34988,0
34993,1
34994,0
34996,0
34998,1
34999,1
35003,1
35008,1
35010,0
35019,0
35022,1
35034,1
35043,1
35047,1
35048,0
35050,1
35057,1
35059,1
35060,1
35066,0
35067,1
35072,1
35073,1
35081,1
35087,1
35089,1
35108,1
35111,1
35112,1
35118,0
35120,1
35121,1
35124,1
35130,0
35132,0
35142,1
35144,0
35145,0
35151,1
35152,1
35157,1
35160,1
35164,0
35166,0
35167,1
35170,1
35173,1
35181,1
35185,0
35193,1
35201,1
35203,0
35204,1
35205,1
35213,1
35214,1
35215,1
35225,1
35228,0
35229,1
35233,1
35237,1
35243,1
35247,0
35250,1
35251,0
35253,1
35261,1
35264,0
35267,1
35268,1
35274,1
35275,0
35279,1
35280,1
35286,1
35287,1
35289,1
35291,0
35292,1
35293,1
35294,1
35297,1
35298,0
35299,1
35300,1
35301,0
35302,1
35304,1
35311,1
35312,1
35315,0
35318,1
35319,1
35322,1
35325,1
35326,1
35328,1
35329,1
35333,0
35335,1
35338,1
35339,1
35346,1
35353,1
35354,0
35355,1
35364,1
35366,1
35371,1
35378,1
35379,1
35381,1
35384,1
35386,1
35388,0
35392,1
35394,1
35395,0
35397,1
35401,1
35404,1
35408,0
35411,1
35412,1
35415,1
35417,0
35420,0
35421,0
35423,0
35425,1
35427,1
35431,0
35432,1
35436,1
35440,1
35443,1
35448,1
35449,1
35455,0
35456,0
35459,0
35466,1
35467,1
35468,1
35473,1
35474,1
35475,1
35478,0
35479,1
35480,1
35486,1
35487,1
35492,1
35494,1
35500,1
35505,1
35509,1
35511,0
35514,1
35515,1
35521,1
35522,1
35525,1
35530,1
35537,1
35542,0
35545,1
35550,1
35554,1
35567,1
35569,1
35570,1
35572,1
35573,1
35579,1
35580,0
35585,1
35586,1
35587,1
35589,1
35590,1
35591,1
35593,1
35594,0
35596,1
35599,1
35601,1
35602,1
35610,0
35613,1
35614,0
35616,0
35626,1
35633,1
35635,1
35638,1
35642,0
35643,1
35644,0
35646,1
35649,1
35656,0
35657,1
35658,0
35662,1
35665,1
35668,1
35680,1
35682,0
35684,1
35688,1
35695,1
35701,1
35704,1
35706,1
35707,1
35708,1
35710,1
35712,1
35716,0
35718,1
35728,1
35729,0
35744,1
35747,1
35749,0
35750,1
35752,1
35753,1
35757,0
35761,1
35763,1
35768,0
35769,0
35775,1
35781,1
35783,1
35784,1
35786,1
35790,1
35792,1
35793,1
35794,1
35798,1
35800,1
35802,1
35803,1
35806,1
35808,1
35811,0
35812,1
35813,1
35816,1
35818,0
35820,0
35826,1
35827,1
35834,1
35836,0
35838,0
35840,1
35845,1
35846,0
35851,0
35852,0
35854,0
35855,1
35856,1
35858,1
35859,1
35863,0
35866,1
35868,1
35870,1
35871,0
35874,1
35881,1
35882,1
35885,1
35890,1
35891,0
35897,0
35903,1
35904,1
35907,1
35909,1
35911,0
35917,0
35921,1
35922,1
35923,1
35924,0
35925,1
35930,1
35931,1
35937,0
35938,1
35944,1
35950,1
35951,1
35956,1
35959,1
35960,1
35961,1
35965,1
35966,1
35968,1
35972,1
35974,1
35977,1
35984,1
35985,0
35986,0
35991,1
35997,0
35998,0
36001,1
36005,1
36011,1
36013,0
36014,1
36017,0
36018,1
36020,1
36023,1
36024,1
36025,0
36030,0
36032,1
36033,1
36034,1
36036,1
36041,1
36044,1
36050,1
36053,0
36064,1
36069,1
36072,1
36076,1
36084,1
36088,1
36094,1
36095,1
36097,1
36103,0
36107,1
36113,1
36114,1
36116,0
36117,1
36118,1
36123,1
36124,1
36125,1
36127,1
36128,1
36131,1
36132,1
36133,1
36134,1
36140,1
36143,0
36144,1
36145,1
36146,0
36150,0
36152,1
36154,1
36157,1
36162,1
36163,0
36165,1
36166,1
36168,1
36170,1
36171,1
36173,1
36174,0
36177,0
36179,1
36180,1
36181,1
36183,1
36186,0
36187,1
36194,0
36195,0
36197,1
36198,1
36202,1
36205,0
36209,0
36210,0
36212,0
36217,1
36219,1
36221,1
36222,1
36223,1
36227,0
36228,1
36229,1
36234,0
36236,1
36238,1
36240,1
36250,0
36251,1
36254,0
36257,1
36260,0
36265,1
36270,1
36272,1
36275,1
36277,0
36280,1
36282,1
36287,1
36289,0
36290,1
36293,1
36299,1
36301,1
36303,1
36307,1
36310,1
36311,1
36316,0
36323,1
36324,1
36325,1
36332,0
36337,1
36342,1
36352,1
36361,1
36364,1
36367,0
36370,0
36372,1
36377,1
36385,1
36387,1
36400,1
36405,1
36411,1
36413,1
36415,1
36417,0
36419,1
36423,1
36431,1
36434,1
36435,0
36438,1
36442,0
36444,1
36449,1
36455,0
36457,1
36460,0
36465,1
36467,1
36472,1
36475,1
36479,0
36484,1
36486,0
36487,1
36490,0
36491,0
36492,1
36493,1
36499,1
36501,1
36502,1
36505,1
36508,0
36511,1
36513,0
36514,0
36515,1
36516,1
36520,1
36523,1
36526,1
36527,1
36530,1
36532,0
36534,1
36538,1
36546,1
36551,1
36552,0
36553,1
36554,0
36555,0
36561,1
36564,1
36568,1
36571,1
36574,0
36586,1
36588,1
36591,1
36592,1
36595,1
36599,1
36605,1
36606,1
36607,1
36614,1
36615,1
36619,0
36620,1
36622,1
36624,0
36627,1
36628,1
36633,1
36634,0
36636,1
36639,1
36641,1
36644,0
36647,1
36649,1
36650,1
36651,0
36652,0
36653,0
36656,0
36657,0
36660,1
36662,0
36664,1
36666,1
36668,1
36669,0
36670,1
36671,0
36677,1
36678,0
36682,1
36686,1
36693,1
36703,1
36706,1
36708,0
36712,0
36713,1
36716,1
36724,0
36725,1
36729,0
36731,0
36736,1
36743,1
36744,1
36746,1
36754,0
36759,1
36761,1
36766,1
36768,1
36769,0
36770,1
36778,1
36782,1
36784,0
36785,1
36786,0
36789,1
36792,1
36794,1
36795,1
36798,0
36814,0
36818,0
36822,1
36832,1
36835,1
36836,1
36837,1
36844,1
36849,0
36853,1
36854,0
36856,1
36863,1
36870,1
36871,0
36875,1
36876,1
36877,1
36882,0
36883,1
36894,1
36897,1
36901,1
36904,1
36909,1
36911,1
36916,0
36917,1
36923,1
36927,1
36928,0
36930,0
36938,0
36939,1
36940,1
36941,1
36943,1
36944,1
36946,0
36947,0
36956,0
36957,1
36958,0
36961,1
36968,1
36972,1
36987,1
36993,0
36996,1
36997,1
36999,1
37002,0
37009,1
37010,1
37017,1
37021,1
37027,1
37035,1
37036,1
37039,1
37042,1
37045,1
37049,1
37051,1
37052,0
37058,1
37060,1
37061,1
37062,1
37064,1
37066,1
37070,1
37072,0
37074,1
37075,1
37077,0
37078,0
37080,0
37082,1
37083,0
37090,1
37091,1
37100,1
37101,1
37102,1
37103,0
37104,1
37105,0
37106,1
37107,1
37118,1
37125,0
37130,0
37132,0
37133,0
37134,1
37138,1
37141,1
37149,0
37151,1
37157,1
37159,0
37161,1
37164,1
37171,1
37172,1
37178,1
37179,1
37182,1
37185,1
37187,1
37189,0
37191,0
37193,0
37199,1
37202,1
37203,1
37207,1
37208,1
37210,1
37213,1
37214,1
37219,1
37221,1
37225,0
37236,1
37238,1
37241,1
37243,1
37245,1
37246,1
37248,1
37250,0
37251,0
37257,1
37258,1
37260,1
37262,1
37264,1
37267,0
37270,1
37278,1
37279,1
37282,0
37283,1
37286,1
37288,1
37289,1
37290,0
37291,0
37292,0
37296,1
37297,1
37298,1
37303,1
37308,1
37317,0
37323,1
37331,0
37333,1
37334,0
37335,1
37339,1
37348,1
37353,0
37357,1
37360,0
37368,0
37369,1
37380,0
37382,1
37384,0
37392,1
37394,1
37396,0
37402,1
37405,1
37407,1
37409,1
37411,1
37412,0
37416,1
37419,1
37426,1
37427,1
37430,0
37432,1
37433,1
37434,1
37436,0
37437,1
37441,0
37451,0
37454,0
37458,1
37462,1
37470,1
37471,0
37472,1
37473,0
37477,1
37478,0
37485,0
37487,1
37495,0
37505,1
37509,1
37514,1
37515,0
37517,1
37518,0
37520,1
37527,0
37535,1
37536,1
37537,1
37538,1
37539,1
37540,0
37541,1
37543,0
37545,1
37547,0
37549,0
37553,1
37557,0
37558,1
37562,0
37569,1
37570,1
37572,1
37573,1
37576,1
37582,1
37583,1
37585,1
37587,1
37588,0
37591,1
37598,1
37601,0
37607,1
37612,0
37614,1
37619,0
37621,0
37624,1
37626,1
37627,1
37629,1
37630,1
37634,0
37635,0
37636,1
37637,1
37640,1
37645,0
37649,0
37655,1
37656,1
37658,1
37659,1
37662,1
37665,1
37679,1
37682,1
37684,1
37685,1
37693,1
37695,1
37696,1
37697,0
37698,1
37702,1
37703,1
37708,0
37711,1
37715,0
37717,0
37718,1
37719,1
37720,1
37722,1
37726,1
37728,1
37729,1
37730,1
37734,0
37737,1
37741,1
37742,0
37746,1
37748,1
37750,1
37751,0
37752,1
37753,1
37757,1
37758,1
37759,1
37760,1
37763,1
37764,1
37766,0
37768,1
37769,1
37771,1
37779,0
37782,1
37785,1
37786,1
37788,1
37796,1
37800,0
37806,1
37808,0
37810,1
37813,0
37819,1
37820,1
37821,0
37825,1
37827,1
37829,0
37837,0
37839,0
37841,1
37843,0
37844,1
37845,1
37850,1
37856,1
37869,1
37870,1
37871,0
37875,1
37876,1
37881,1
37884,1
37885,1
37886,1
37889,1
37890,1
37899,1
37900,1
37902,0
37905,1
37911,1
37915,1
37916,0
37920,1
37923,0
37924,1
37926,1
37930,1
37933,1
37934,1
37936,1
37940,1
37943,0
37945,0
37948,0
37953,0
37959,1
37963,1
37969,0
37970,0
37976,1
37982,1
37983,1
37990,1
37997,1
38001,1
38003,1
38006,1
38007,1
38013,0
38015,1
38021,1
38026,0
38029,1
38030,1
38034,1
38036,1
38037,1
38038,1
38039,1
38040,1
38042,0
38043,1
38044,0
38045,1
38049,0
38053,1
38054,0
38055,1
38058,0
38059,1
38066,1
38072,1
38078,1
38081,1
38082,1
38084,1
38085,1
38086,1
38090,1
38093,1
38094,1
38096,0
38097,1
38103,1
38104,0
38107,1
38108,1
38109,1
38117,1
38118,1
38122,1
38125,1
38127,1
38128,1
38134,1
38135,0
38136,0
38137,0
38139,1
38142,1
38145,1
38146,1
38151,1
38155,1
38156,1
38158,1
38163,1
38164,1
38168,0
38171,0
38173,0
38174,1
38175,1
38176,1
38180,1
38182,0
38185,1
38186,1
38188,1
38194,1
38196,0
38203,0
38205,1
38212,1
38213,1
38214,1
38217,1
38232,1
38234,0
38239,1
38242,0
38245,0
38248,1
38252,1
38259,1
38260,1
38264,1
38269,1
38270,1
38275,1
38286,0
38287,0
38293,0
38297,1
38298,1
38299,1
38302,0
38305,1
38308,1
38309,1
38310,1
38314,1
38317,1
38326,1
38327,1
38330,1
38331,1
38340,0
38343,0
38346,1
38349,1
38351,1
38354,1
38357,1
38360,0
38362,1
38366,1
38367,1
38368,1
38374,1
38376,1
38381,1
38389,0
38394,1
38396,1
38401,0
38410,1
38412,1
38417,0
38419,1
38420,1
38429,1
38430,0
38431,0
38432,1
38434,1
38435,1
38445,0
38446,1
38449,1
38451,1
38456,1
38461,1
38467,1
38471,0
38472,0
38475,0
38476,0
38478,1
38482,1
38483,0
38485,1
38486,0
38489,1
38494,0
38496,0
38497,0
38498,1
38502,1
38504,0
38505,1
38506,1
38518,0
38519,1
38525,1
38526,1
38530,1
38532,0
38536,0
38537,1
38540,1
38541,1
38551,1
38554,0
38560,1
38562,1
38566,1
38569,1
38573,1
38574,1
38579,1
38581,1
38587,1
38592,1
38596,0
38597,1
38603,0
38606,1
38607,1
38613,1
38615,1
38617,1
38619,1
38620,1
38622,1
38624,0
38628,1
38630,1
38632,1
38636,1
38637,1
38650,1
38652,1
38658,1
38664,1
38671,1
38672,1
38676,1
38677,0
38680,1
38686,1
38687,1
38689,0
38690,1
38695,1
38700,1
38703,1
38707,1
38708,0
38711,1
38719,1
38724,1
38725,1
38727,0
38729,1
38733,0
38739,0
38740,1
38741,1
38742,1
38744,1
38749,1
38752,1
38754,1
38755,1
38757,0
38769,1
38777,1
38782,1
38786,0
38792,1
38799,1
38802,1
38803,1
38805,1
38806,0
38809,0
38816,1
38823,1
38824,1
38825,0
38826,0
38831,1
38838,1
38845,0
38847,1
38850,0
38855,0
38857,0
38860,0
38861,0
38870,0
38871,1
38872,0
38877,1
38880,0
38882,1
38888,0
38890,1
38892,0
38897,1
38899,0
38902,1
38905,1
38910,1
38912,0
38913,1
38916,1
38924,0
38925,1
38927,0
38929,0
38930,1
38933,1
38936,1
38940,1
38941,1
38944,1
38946,1
38947,1
38949,1
38951,0
38954,0
38965,1
38966,1
38976,0
38981,1
38982,1
38984,1
38991,0
38992,1
38993,1
39002,1
39005,1
39016,0
39019,1
39020,1
39024,1
39025,1
39031,0
39032,1
39034,1
39035,1
39041,1
39042,1
39044,1
39048,0
39049,1
39056,1
39059,1
39061,1
39062,1
39063,1
39064,1
39065,1
39066,1
39072,1
39077,1
39079,1
39083,0
39086,1
39093,1
39094,0
39097,1
39100,1
39101,1
39110,1
39112,1
39114,1
39115,0
39121,1
39125,1
39132,0
39134,1
39136,1
39139,0
39144,0
39146,1
39148,0
39149,1
39154,0
39156,0
39157,1
39158,0
39159,1
39160,1
39164,1
39166,0
39167,1
39169,0
39175,1
39179,0
39181,0
39183,0
39186,0
39187,0
39188,0
39189,1
39194,1
39199,0
39201,1
39208,1
39210,1
39212,1
39214,0
39216,1
39218,1
39219,1
39220,1
39221,1
39224,0
39225,1
39229,1
39232,1
39233,1
39237,1
39239,1
39245,1
39249,1
39253,1
39258,0
39259,1
39260,0
39262,1
39268,1
39269,0
39276,1
39278,0
39281,0
39282,0
39283,1
39284,1
39285,1
39287,1
39289,1
39294,0
39296,0
39297,1
39300,0
39301,1
39303,1
39307,0
39309,1
39311,1
39314,0
39318,0
39319,1
39326,0
39332,0
39335,1
39342,1
39351,1
39353,0
39354,1
39356,0
39357,0
39365,1
39369,1
39370,1
39371,1
39372,1
39373,0
39375,1
39378,1
39379,1
39380,1
39386,1
39390,0
39391,1
39393,1
39395,0
39396,1
39399,1
39402,0
39403,1
39404,1
39412,0
39413,1
39414,1
39421,0
39423,1
39425,1
39426,1
39428,1
39429,0
39430,1
39431,1
39434,1
39435,1
39436,1
39445,1
39449,0
39453,0
39454,1
39459,1
39461,1
39464,1
39465,0
39469,1
39470,0
39471,1
39472,1
39473,1
39476,0
39478,1
39481,1
39482,0
39483,1
39485,1
39490,1
39493,1
39496,0
39504,1
39505,0
39512,1
39517,0
39522,1
39524,1
39525,0
39529,1
39531,1
39534,1
39537,1
39540,0
39547,1
39549,1
39550,1
39551,1
39553,1
39560,1
39565,1
39566,1
39567,1
39568,1
39569,1
39570,1
39577,0
39578,1
39592,1
39596,1
39600,1
39603,1
39605,1
39607,1
39612,1
39616,0
39621,0
39622,1
39624,0
39629,1
39630,1
39635,1
39638,1
39644,1
39647,1
39649,0
39651,1
39672,0
39674,0
39675,0
39680,1
39682,1
39685,0
39687,0
39694,1
39698,0
39701,1
39705,1
39710,0
39719,1
39721,1
39730,1
39732,1
39735,0
39739,1
39752,1
39753,0
39756,1
39757,1
39759,1
39763,1
39764,1
39765,1
39766,1
39771,1
39776,1
39782,0
39789,1
39790,1
39791,1
39792,1
39797,1
39804,1
39806,1
39808,0
39809,0
39812,1
39813,0
39817,1
39818,0
39823,1
39826,1
39827,1
39837,1
39839,0
39843,1
39844,1
39850,1
39853,1
39855,1
39858,0
39862,0
39863,1
39866,1
39868,1
39872,1
39881,1
39893,1
39897,1
39898,1
39899,0
39901,1
39904,1
39915,1
39918,0
39919,1
39924,1
39931,1
39933,0
39936,0
39938,0
39939,1
39940,0
39942,0
39943,1
39948,1
39949,1
39951,1
39952,1
39957,1
39961,1
39962,0
39963,1
39965,1
39972,0
39975,1
39976,1
39978,1
39980,1
39982,0
39983,1
39993,1
39994,1
39998,1
40000,1
40001,1
40005,1
40010,0
40015,0
40018,0
40027,0
40032,1
40035,1
40038,1
40043,1
40044,1
40046,1
40050,1
40053,1
40065,1
40071,1
40077,1
40084,1
40086,0
40092,1
40093,1
40096,0
40103,1
40105,0
40106,0
40107,1
40112,1
40114,1
40122,0
40128,1
40130,0
40136,0
40137,1
40138,1
40140,1
40142,1
40144,1
40148,0
40158,0
40162,1
40172,0
40173,1
40175,1
40176,1
40178,1
40180,1
40182,1
40186,1
40188,1
40195,0
40197,1
40202,0
40204,1
40206,0
40213,1
40216,0
40217,1
40221,0
40222,1
40224,1
40227,0
40228,0
40230,0
40232,1
40233,1
40234,1
40237,1
40239,1
40241,1
40243,0
40257,0
40258,1
40264,1
40267,1
40268,0
40269,1
40275,1
40284,1
40289,1
40294,0
40302,1
40305,1
40306,1
40309,0
40315,1
40316,0
40319,0
40321,1
40323,0
40324,1
40334,0
40335,1
40336,1
40345,0
40348,1
40355,1
40357,1
40362,1
40368,1
40371,1
40372,1
40376,1
40378,1
40381,1
40382,0
40384,1
40386,1
40392,1
40399,1
40400,1
40403,1
40404,1
40405,0
40409,1
40410,1
40414,1
40417,1
40420,0
40421,1
40423,1
40428,0
40429,0
40430,1
40435,0
40436,1
40439,0
40442,1
40443,1
40444,0
40448,1
40450,1
40451,1
40452,1
40453,1
40455,0
40457,0
40460,1
40462,1
40464,1
40470,1
40471,1
40473,0
40474,1
40475,0
40482,1
40483,1
40486,0
40488,0
40492,1
40496,0
40497,1
40498,1
40499,1
40509,0
40510,1
40517,1
40522,1
40524,0
40535,1
40537,1
40540,1
40543,1
40546,1
40550,0
40552,0
40554,0
40558,1
40563,1
40564,1
40568,1
40569,1
40576,0
40583,1
40584,1
40590,1
40595,1
40596,1
40608,1
40610,0
40611,1
40614,0
40615,1
40619,1
40620,1
40624,1
40628,1
40630,0
40636,1
40639,0
40643,1
40646,1
40649,1
40653,0
40655,0
40658,1
40660,1
40665,1
40670,0
40671,0
40673,1
40674,1
40676,0
40680,1
40682,1
40683,1
40684,1
40685,1
40689,1
40690,1
40700,0
40703,0
40710,0
40711,1
40716,1
40719,1
40723,1
40732,1
40734,1
40738,1
40741,1
40748,1
40750,1
40752,1
40753,1
40758,1
40760,1
40761,0
40762,0
40764,0
40766,1
40771,0
40772,1
40774,1
40779,1
40784,1
40785,1
40786,1
40788,1
40789,1
40794,1
40795,1
40802,0
40803,1
40807,1
40808,1
40811,1
40815,1
40818,1
40821,0
40825,0
40828,1
40830,1
40838,1
40839,1
40840,1
40846,0
40848,0
40850,1
40853,1
40857,1
40860,0
40866,1
40867,0
40871,1
40874,1
40875,1
40876,0
40877,0
40878,1
40893,1
40897,0
40899,1
40900,0
40902,0
40911,0
40913,0
40914,1
40922,0
40923,1
40925,1
40927,1
40933,1
40934,1
40937,1
40944,1
40946,1
40947,1
40953,1
40954,0
40955,1
40959,1
40960,1
40962,1
40964,1
40965,1
40975,1
40979,0
40983,0
40987,1
40989,0
40992,1
40999,1
41000,1
41004,0
41010,1
41012,0
41019,1
41023,1
41026,1
41028,1
41033,0
41034,0
41037,1
41041,1
41042,1
41046,1
41049,1
41050,1
41051,1
41057,1
41059,1
41060,1
41061,1
41064,0
41065,1
41066,1
41068,0
41069,1
41075,1
41077,1
41081,1
41083,1
41084,1
41090,0
41091,1
41095,1
41097,0
41101,1
41102,0
41105,0
41108,1
41109,0
41110,1
41117,1
41118,1
41120,0
41121,1
41125,1
41150,1
41151,1
41155,1
41157,1
41159,1
41163,0
41166,1
41171,1
41178,0
41182,1
41190,1
41191,0
41194,1
41197,1
41199,1
41205,0
41207,1
41209,1
41210,1
41212,1
41213,0
41218,1
41220,1
41221,0
41225,0
41227,1
41229,0
41234,1
41237,0
41240,1
41247,0
41251,1
41252,0
41253,0
41255,1
41256,1
41265,1
41268,0
41271,1
41275,0
41278,1
41280,1
41291,1
41296,1
41303,0
41316,1
41318,1
41320,0
41321,0
41329,0
41330,1
41331,1
41332,1
41335,1
41342,0
41343,1
41348,1
41349,1
41351,1
41355,1
41359,1
41364,0
41367,0
41368,1
41369,1
41371,0
41372,1
41378,1
41381,1
41383,1
41386,1
41390,1
41403,1
41404,1
41408,0
41415,1
41417,1
41419,1
41421,1
41422,0
41423,1
41424,1
41427,0
41435,1
41438,1
41439,1
41443,1
41446,0
41450,1
41452,0
41454,1
41455,1
41461,1
41463,0
41465,1
41470,1
41479,1
41480,1
41482,1
41485,1
41496,0
41500,0
41503,1
41508,0
41511,1
41514,1
41515,1
41516,1
41519,1
41524,0
41525,0
41526,1
41527,1
41537,1
41547,1
41549,0
41555,1
41557,1
41559,1
41561,1
41564,1
41575,0
41577,0
41580,1
41585,1
41591,1
41594,1
41597,1
41599,1
41604,1
41605,1
41606,0
41611,1
41613,0
41616,1
41620,1
41622,1
41623,1
41625,1
41626,0
41632,1
41634,1
41635,1
41638,1
41641,1
41643,1
41648,1
41653,1
41655,0
41656,1
41661,1
41666,0
41669,1
41671,0
41676,1
41680,1
41693,1
41698,1
41703,1
41705,1
41709,1
41710,0
41714,1
41715,1
41719,1
41722,1
41725,1
41726,1
41728,1
41729,1
41732,1
41734,0
41736,1
41737,0
41750,1
41751,0
41753,0
41754,1
41760,1
41761,1
41763,1
41765,1
41767,1
41768,1
41769,0
41772,1
41780,1
41781,0
41785,1
41786,1
41789,1
41791,1
41792,1
41793,1
41795,1
41802,1
41810,1
41812,1
41813,0
41818,1
41819,1
41823,1
41827,1
41832,1
41835,0
41837,1
41838,1
41839,1
41845,1
41849,1
41851,0
41852,1
41857,0
41863,0
41866,1
41867,0
41868,1
41874,0
41876,0
41878,1
41879,0
41880,0
41887,0
41888,1
41891,0
41893,1
41897,0
41902,1
41903,1
41905,0
41906,0
41911,0
41912,1
41913,1
41915,1
41916,1
41917,1
41922,1
41924,1
41925,1
41927,1
41939,1
41940,1
41941,0
41944,1
41949,0
41950,0
41951,0
41954,0
41961,1
41963,0
41964,0
41967,0
41969,0
41970,1
41971,0
41972,1
41976,1
41978,1
41979,1
41982,1
41991,1
41993,1
42001,0
42002,0
42004,1
42006,1
42008,1
42009,1
42013,1
42014,1
42017,1
42020,1
42022,1
42023,1
42024,1
42030,1
42031,0
42034,1
42040,1
42041,1
42042,1
42045,1
42048,1
42054,0
42055,0
42063,1
42064,1
42066,1
42071,1
42079,1
42084,1
42085,1
42094,1
42095,1
42096,1
42098,1
42107,1
42110,0
42115,1
42116,1
42120,0
42123,1
42127,0
42129,1
42131,1
42132,0
42135,1
42136,1
42141,1
42145,1
42149,1
42154,1
42171,1
42172,1
42174,0
42175,0
42176,1
42188,1
42189,1
42197,1
42198,1
42199,1
42203,0
42206,1
42213,1
42214,1
42215,1
42222,0
42224,1
42227,1
42232,1
42237,0
42238,0
42240,1
42246,1
42250,1
42252,1
42255,1
42264,0
42267,1
42270,1
42274,0
42276,1
42277,1
42280,1
42281,1
42287,1
42292,0
42303,1
42313,0
42318,1
42319,1
42321,0
42329,1
42331,1
42336,1
42343,1
42347,1
42349,1
42352,0
42353,1
42364,1
42365,1
42366,1
42371,1
42372,1
42373,1
42379,0
42388,1
42389,1
42395,0
42401,1
42402,0
42403,1
42408,1
42411,1
42412,1
42415,1
42416,1
42417,0
42418,1
42420,1
42421,0
42425,0
42426,1
42430,1
42431,1
42434,1
42438,1
42440,0
42447,0
42448,1
42453,0
42454,1
42455,1
42457,1
42458,0
42465,1
42469,1
42474,1
42478,1
42479,0
42482,1
42485,1
42487,1
42490,1
42492,1
42493,1
42494,1
42497,1
42502,1
42512,1
42514,1
42515,1
42516,0
42521,0
42525,1
42530,1
42531,1
42533,1
42536,0
42554,1
42555,1
42556,1
42563,1
42564,1
42566,1
42568,1
42574,1
42580,1
42581,0
42585,1
42588,1
42590,1
42597,1
42598,1
42602,1
42610,1
42612,1
42613,1
42619,1
42624,0
42625,1
42629,0
42634,1
42635,1
42637,1
42638,0
42639,1
42647,1
42649,1
42652,0
42653,1
42654,0
42656,1
42657,0
42658,1
42662,1
42671,1
42675,1
42682,1
42684,1
42687,1
42689,1
42692,1
42693,1
42694,1
42695,1
42698,0
42702,1
42703,1
42706,1
42707,0
42708,0
42709,1
42712,1
42719,0
42721,0
42722,0
42723,1
42725,0
42728,0
42729,1
42730,1
42731,1
42732,1
42733,1
42742,1
42743,1
42747,1
42750,1
42753,1
42754,1
42758,0
42763,1
42776,1
42778,1
42788,1
42790,0
42800,1
42804,1
42805,1
42806,1
42811,0
42812,1
42814,0
42815,0
42816,1
42819,1
42820,0
42821,0
42822,0
42831,1
42832,1
42839,1
42841,1
42844,1
42847,1
42851,0
42852,1
42854,1
42864,0
42865,1
42868,1
42874,1
42878,1
42879,0
42881,1
42882,0
42888,1
42891,1
42892,1
42894,0
42897,1
42901,1
42903,1
42904,0
42912,1
42913,0
42916,1
42920,1
42923,1
42928,1
42933,1
42935,1
42938,1
42940,0
42947,1
42951,1
42953,1
42954,1
42959,1
42961,1
42963,1
42964,0
42965,1
42967,1
42972,1
42973,1
42975,1
42978,0
42979,0
42980,0
42986,1
42989,1
42992,0
42994,1
42999,1
43003,1
43007,0
43008,1
43011,1
43014,1
43017,1
43018,1
43024,1
43026,1
43028,1
43029,0
43031,1
43034,0
43039,1
43040,1
43050,1
43053,1
43055,1
43058,0
43060,1
43062,1
43065,1
43071,1
43074,0
43088,1
43089,0
43090,1
43092,1
43096,0
43103,1
43106,0
43109,1
43115,1
43122,1
43123,1
43125,1
43131,1
43132,0
43135,1
43137,0
43144,1
43145,1
43151,1
43152,1
43154,1
43162,1
43168,1
43173,1
43178,1
43181,1
43185,1
43188,1
43190,1
43193,1
43195,1
43202,1
43204,1
43205,1
43206,1
43210,0
43211,1
43216,1
43220,0
43223,1
43226,1
43228,1
43229,0
43231,1
43232,1
43233,1
43242,1
43243,1
43244,1
43246,1
43248,0
43251,1
43258,1
43263,0
43271,0
43274,0
43275,0
43276,1
43277,1
43279,1
43280,1
43282,1
43284,1
43285,1
43288,1
43293,1
43296,1
43301,0
43303,1
43308,1
43309,0
43313,1
43320,1
43325,1
43332,1
43335,1
43337,1
43340,1
43345,1
43347,1
43348,1
43351,1
43361,1
43362,1
43364,1
43368,1
43372,1
43373,1
43380,1
43381,1
43383,0
43386,1
43387,1
43388,1
43392,0
43393,0
43396,0
43397,1
43398,1
43400,1
43406,1
43408,1
43412,1
43414,1
43423,0
43427,1
43428,1
43430,0
43441,1
43442,0
43443,1
43448,1
43450,1
43458,1
43459,1
43462,1
43463,1
43464,1
43470,0
43472,1
43474,0
43476,1
43478,1
43482,1
43483,1
43487,1
43492,0
43496,0
43497,1
43501,1
43503,1
43504,1
43506,1
43510,1
43513,0
43514,1
43515,1
43516,1
43523,1
43524,1
43530,0
43532,1
43534,1
43536,0
43541,1
43542,1
43544,0
43545,1
43553,1
43555,1
43556,1
43559,1
43562,0
43563,1
43564,1
43565,0
43569,1
43575,0
43577,1
43585,1
43591,0
43592,1
43593,0
43595,1
43601,1
43605,1
43607,0
43610,1
43611,1
43612,1
43618,1
43622,1
43623,1
43628,1
43631,1
43632,1
43633,1
43635,1
43636,1
43637,1
43641,1
43650,1
43651,1
43653,1
43659,0
43660,0
43665,1
43666,1
43669,1
43673,1
43677,1
43679,1
43680,1
43681,0
43683,1
43684,1
43685,0
43686,1
43689,0
43695,1
43698,1
43701,1
43704,1
43706,1
43709,1
43711,0
43712,1
43724,1
43728,1
43731,1
43738,1
43742,1
43745,0
43746,1
43748,1
43752,0
43754,1
43757,1
43759,1
43760,1
43761,0
43762,0
43765,1
43770,0
43774,1
43777,1
43780,1
43785,0
43789,1
43793,0
43798,1
43800,1
43805,1
43807,0
43809,0
43811,1
43815,0
43819,0
43820,1
43823,1
43826,1
43827,1
43831,1
43832,1
43833,0
43834,1
43837,1
43838,1
43841,1
43843,1
43844,0
43848,1
43850,1
43854,0
43855,1
43856,1
43869,1
43872,1
43880,1
43882,1
43883,1
43886,1
43887,1
43892,0
43893,1
43895,1
43897,1
43900,0
43904,1
43905,1
43909,0
43910,1
43913,1
43917,1
43918,1
43923,1
43926,0
43928,1
43931,0
43934,1
43938,0
43939,0
43940,1
43942,1
43944,1
43947,1
43958,1
43963,1
43964,0
43968,1
43969,1
43971,1
43973,1
43977,1
43979,1
43987,0
43989,1
43990,0
43991,1
43992,1
43997,1
44002,0
44004,1
44008,1
44010,1
44014,1
44015,0
44017,1
44024,1
44033,1
44037,0
44041,0
44045,1
44046,1
44047,1
44048,1
44051,1
44054,0
44055,1
44060,1
44065,1
44074,1
44075,1
44079,1
44080,1
44084,1
44085,1
44095,0
44098,1
44104,1
44108,1
44110,1
44118,1
44120,1
44122,1
44123,1
44124,1
44126,0
44127,1
44129,1
44138,1
44140,1
44146,1
44148,0
44166,1
44170,1
44174,1
44176,0
44182,1
44183,0
44185,1
44187,1
44191,1
44196,1
44198,1
44200,1
44202,0
44204,1
44206,1
44213,1
44216,1
44219,1
44220,1
44223,0
44224,1
44228,0
44231,1
44235,0
44236,0
44238,0
44239,1
44244,1
44247,1
44249,0
44253,1
44265,1
44266,0
44268,0
44276,1
44277,1
44281,0
44285,1
44289,1
44290,1
44294,0
44295,1
44300,1
44305,1
44306,0
44311,0
44315,1
44321,1
44324,0
44325,0
44328,1
44330,0
44336,0
44337,1
44340,0
44342,0
44344,1
44346,1
44349,1
44353,0
44354,1
44360,0
44369,1
44373,1
44378,0
44380,0
44383,1
44384,1
44386,0
44387,1
44392,1
44393,1
44395,1
44399,0
44402,1
44403,0
44405,0
44408,1
44410,0
44411,1
44417,1
44421,1
44423,1
44426,1
44427,1
44431,1
44439,1
44440,1
44444,0
44450,0
44451,1
44455,0
44456,1
44461,1
44464,1
44470,1
44482,1
44492,1
44495,0
44498,1
44499,0
44508,1
44509,1
44517,1
44518,1
44523,1
44530,0
44538,1
44539,1
44541,1
44552,1
44553,0
44558,0
44560,1
44562,0
44572,0
44579,1
44584,1
44588,1
44589,0
44593,1
44595,1
44602,1
44603,0
44604,1
44610,1
44618,1
44620,0
44622,1
44626,1
44628,1
44629,1
44630,1
44633,1
44639,1
44641,1
44645,0
44646,1
44648,0
44649,0
44650,1
44653,0
44654,0
44656,1
44659,1
44662,1
44672,0
44673,1
44674,1
44679,1
44680,1
44685,0
44686,1
44690,1
44692,1
44693,1
44701,1
44706,1
44708,0
44712,1
44713,1
44714,0
44716,1
44718,1
44734,1
44741,1
44745,0
44747,1
44750,0
44751,1
44753,1
44757,1
44759,0
44762,1
44770,1
44771,0
44773,1
44775,1
44779,1
44787,1
44789,0
44790,1
44794,1
44796,1
44806,1
44812,1
44813,1
44814,1
44818,1
44819,1
44821,0
44822,1
44823,1
44825,1
44827,1
44830,1
44836,1
44841,1
44843,0
44847,1
44849,1
44852,1
44856,1
44857,1
44858,0
44861,1
44863,0
44868,1
44869,0
44870,1
44872,1
44873,1
44875,1
44878,1
44883,1
44885,1
44887,0
44889,1
44891,1
44892,1
44899,0
44901,1
44902,1
44904,0
44905,1
44910,1
44913,0
44915,0
44916,1
44918,1
44920,1
44924,1
44925,1
44926,1
44928,0
44930,1
44932,1
44946,1
44949,0
44951,1
44952,1
44961,1
44965,1
44966,1
44970,1
44973,1
44975,1
44977,1
44978,1
44981,1
44982,1
44986,1
44988,1
44989,1
44994,1
44997,1
44999,0
45008,1
45015,1
45019,1
45023,1
45025,0
45030,1
45032,1
45034,0
45037,1
45039,0
45042,0
45045,1
45046,1
45048,0
45052,1
45054,1
45055,1
45069,1
45071,0
45073,1
45075,1
45081,1
45082,1
45084,1
45087,1
45088,0
45090,1
45093,1
45095,0
45096,0
45105,1
45107,1
45108,1
45118,0
45119,1
45121,1
45122,1
45124,0
45125,1
45128,1
45131,1
45132,1
45136,1
45143,0
45152,0
45155,0
45156,1
45162,1
45166,1
45170,1
45183,1
45184,1
45186,0
45187,1
45191,0
45195,1
45202,1
45210,1
45214,1
45221,1
45222,0
45224,1
45234,1
45235,0
45240,1
45247,1
45249,0
45250,1
45255,1
45256,1
45258,0
45259,0
45260,1
45261,1
45263,1
45264,1
45265,1
45270,1
45273,1
45277,1
45280,1
45281,1
45288,0
45291,1
45292,1
45297,1
45302,0
45303,1
45305,1
45309,0
45311,0
45318,0
45319,0
45324,1
45325,1
45329,1
45330,0
45339,0
45345,1
45352,0
45353,0
45356,0
45361,1
45364,1
45365,1
45366,1
45375,1
45380,1
45383,1
45385,1
45386,1
45387,0
45388,0
45390,1
45402,1
45407,1
45408,0
45412,1
45417,1
45418,1
45419,1
45421,0
45422,1
45427,1
45428,1
45430,0
45431,1
45432,1
45433,1
45437,1
45449,1
45452,1
45453,1
45461,1
45462,1
45463,1
45464,1
45465,0
45468,1
45469,1
45471,0
45472,1
45481,1
45482,1
45484,1
45489,0
45491,1
45492,1
45497,0
45502,1
45505,1
45512,1
45519,1
45521,0
45522,1
45525,1
45532,1
45533,1
45535,0
45543,0
45544,1
45546,0
45553,1
45557,0
45562,0
45568,1
45569,1
45572,1
45574,1
45582,1
45586,0
45589,1
45592,1
45593,0
45594,0
45595,0
45597,1
45602,0
45603,0
45612,1
45615,1
45617,1
45621,1
45623,0
45629,0
45630,1
45633,1
45634,1
45637,1
45638,1
45646,1
45647,1
45649,1
45653,1
45654,1
45657,1
45661,0
45669,0
45671,0
45681,1
45687,1
45700,1
45702,1
45707,1
45709,1
45712,1
45723,0
45728,0
45736,1
45742,1
45746,1
45751,1
45753,1
45765,1
45767,1
45789,1
45792,1
45793,1
45794,1
45804,1
45810,1
45811,1
45812,1
45820,0
45826,1
45827,1
45829,1
45839,1
45843,1
45849,1
45850,1
45851,1
45856,1
45862,1
45875,1
45877,1
45880,1
45881,1
45891,1
45893,1
45898,1
45907,1
45910,1
45913,1
45922,1
45925,1
45939,1
45942,1
45949,1
45958,1
45961,1
45965,1
45967,1
45972,1
45985,1
45988,1
45993,1
45997,1
46000,1
46002,1
46010,1
46012,1
46014,1
46015,1
46017,1
46019,1
46024,1
46035,1
46044,1
46045,1
46054,1
46059,1
46062,1
46063,1
46066,1
46068,1
46069,1
46071,1
46076,1
46079,1
46082,1
46087,1
46091,1
46093,1
46096,1
46100,1
46102,1
46107,1
46108,1
46127,1
46131,1
46135,1
46136,1
46137,1
46139,1
46143,1
46146,1
46153,1
46156,1
46161,1
46172,1
46184,1
46185,1
46187,1
46192,1
46197,1
46202,1
46203,1
46214,1
46216,1
46224,1
46225,1
46230,1
46231,1
46237,1
46239,1
46240,1
46242,1
46243,1
46246,1
46248,1
46249,1
46256,1
46260,1
46261,1
46267,1
46269,1
46273,1
46275,1
46277,1
46279,1
46281,1
46292,1
46296,1
46300,1
46307,1
46308,1
46312,1
46320,1
46322,1
46324,1
46325,1
46330,1
46331,1
46332,1
46338,1
46339,1
46342,1
46346,1
46351,1
46352,1
46353,1
46356,1
46358,1
46367,1
46370,1
46379,1
46385,1
46388,1
46389,1
46391,1
46395,1
46396,1
46399,1
46402,1
46404,1
46406,1
46410,1
46412,1
46416,0
46420,1
46421,1
46422,1
46425,1
46426,1
46437,1
46442,1
46445,1
46446,1
46448,1
46455,1
46461,1
46464,1
46474,1
46480,1
46481,1
46483,1
46486,1
46493,1
46497,1
46498,1
46502,1
46508,1
46509,1
46510,1
46513,1
46516,1
46519,1
46520,1
46521,1
46522,1
46527,1
46528,1
46530,1
46534,1
46539,1
46554,1
46558,1
46566,1
46569,1
46571,1
46572,1
46585,1
46590,1
46595,1
46596,1
46598,1
46602,1
46607,1
46609,1
46610,1
46614,1
46615,1
46623,1
46625,1
46626,1
46631,1
46636,1
46639,1
46646,1
46650,1
46652,1
46655,1
46661,1
46665,1
46679,1
46681,1
46684,1
46689,1
46701,1
46704,1
46707,1
46708,1
46715,1
46719,1
46725,1
46729,0
46731,1
46733,1
46736,1
46740,1
46744,1
46750,1
46752,1
46753,1
46755,0
46757,1
46763,1
46777,1
46780,1
46783,1
46787,1
46788,1
46790,1
46791,1
46800,1
46804,1
46810,1
46815,1
46817,1
46820,1
46826,1
46832,1
46833,1
46836,1
46845,1
46848,1
46850,1
46865,1
46872,0
46875,1
46876,1
46877,1
46878,1
46882,1
46883,0
46885,1
46886,1
46889,1
46890,1
46893,1
46902,1
46910,1
46912,1
46915,1
46923,1
46926,1
46929,1
46933,1
46935,1
46938,1
46947,1
46953,1
46959,1
46961,1
46966,1
46967,1
46975,1
46976,1
46977,1
46982,1
46990,1
47001,1
47003,1
47005,1
47009,1
47016,1
47021,1
47022,1
47046,1
47048,1
47049,1
47052,1
47056,1
47075,1
47078,1
47088,1
47096,1
47098,1
47109,1
47110,1
47118,1
47120,1
47124,1
47125,1
47127,1
47129,1
47131,1
47140,1
47147,1
47152,1
47153,1
47158,1
47163,1
47166,1
47172,1
47174,1
47182,1
47183,1
47185,1
47189,1
47191,1
47194,1
47196,1
47197,1
47201,1
47203,0
47205,1
47206,1
47209,1
47210,1
47215,1
47223,1
47229,1
47242,1
47245,1
47246,1
47251,1
47256,1
47260,1
47261,1
47274,1
47275,1
47278,1
47280,1
47282,1
47284,1
47291,1
47298,1
47299,1
47301,1
47310,1
47314,1
47317,1
47322,1
47323,1
47327,1
47329,1
47332,1
47336,1
47342,1
47347,1
47351,1
47352,1
47354,1
47355,1
47358,1
47362,1
47368,1
47372,1
47374,1
47375,1
47379,1
47385,1
47389,1
47390,1
47394,1
47401,1
47403,1
47404,1
47409,1
47422,1
47424,1
47428,1
47440,1
47443,1
47450,1
47453,1
47458,1
47461,1
47462,1
47466,1
47467,1
47473,1
47478,1
47482,1
47486,1
47489,1
47494,1
47495,1
47497,1
47512,1
47514,1
47516,1
47517,1
47520,1
47521,1
47524,1
47525,1
47529,1
47535,1
47538,1
47540,1
47545,1
47546,1
47548,1
47555,1
47561,1
47564,1
47565,1
47577,1
47581,1
47586,1
47587,0
47588,1
47590,1
47591,1
47600,1
47614,1
47622,1
47629,1
47631,1
47637,1
47641,1
47651,1
47657,0
47658,1
47659,1
47664,1
47666,1
47667,1
47671,1
47673,1
47674,1
47675,1
47677,1
47680,1
47683,1
47691,1
47695,1
47704,1
47707,1
47713,1
47720,1
47721,1
47735,1
47739,1
47741,1
47745,1
47762,1
47764,1
47765,1
47773,1
47777,1
47778,1
47780,1
47782,1
47785,1
47786,1
47796,1
47797,1
47798,1
47815,1
47818,1
47820,1
47821,1
47823,1
47824,1
47826,1
47832,1
47846,1
47849,1
47859,1
47862,1
47864,1
47867,1
47869,1
47872,1
47878,1
47900,1
47902,1
47905,1
47915,1
47916,1
47918,1
47921,1
47922,1
47927,1
47939,1
47940,1
47945,1
47946,1
47959,1
47965,1
47966,1
47968,1
47974,1
47978,1
47980,1
47985,1
47993,1
47997,1
47999,1
48000,1
48001,1
48007,1
48010,1
48020,1
48044,1
48048,1
48049,1
48050,1
48055,1
48074,1
48093,1
48096,1
48104,1
48110,1
48111,1
48118,1
48122,1
48126,1
48135,1
48144,1
48147,1
48151,1
48158,1
48165,1
48182,1
48184,1
48185,1
48195,1
48197,1
48202,1
48204,1
48209,1
48230,1
48232,1
48233,1
48234,1
48239,1
48248,1
48252,1
48253,1
48256,1
48258,1
48266,1
48268,1
48270,1
48272,1
48282,1
48287,1
48289,1
48290,1
48292,1
48301,1
48303,1
48305,1
48306,1
48310,1
48316,1
48318,1
48322,1
48323,1
48325,1
48333,1
48337,1
48338,1
48347,1
48351,1
48362,1
48364,1
48368,1
48374,1
48375,1
48379,1
48381,1
48382,1
48391,1
48393,1
48395,0
48396,1
48397,1
48401,1
48403,1
48408,1
48416,1
48421,1
48422,1
48424,1
48427,1
48429,1
48434,1
48437,1
48443,1
48449,1
48452,1
48469,1
48474,1
48476,1
48482,1
48483,1
48486,1
48490,1
48498,1
48499,1
48500,1
48503,1
48504,1
48505,1
48507,1
48510,1
48511,1
48525,1
48531,1
48536,1
48539,1
48546,1
48547,1
48548,1
48551,1
48555,1
48568,1
48570,1
48576,1
48578,1
48592,1
48593,1
48595,1
48598,1
48599,1
48601,1
48610,1
48613,1
48619,1
48626,1
48632,1
48634,1
48637,1
48643,1
48646,1
48647,1
48649,1
48656,1
48658,1
48659,1
48664,1
48673,1
48677,1
48684,1
48689,1
48691,1
48700,1
48703,1
48708,1
48709,1
48710,1
48718,1
48734,1
48738,1
48740,1
48751,1
48753,1
48755,1
48757,1
48764,1
48767,1
48771,1
48777,1
48780,1
48781,1
48794,0
48797,1
48814,1
48815,1
48816,1
48823,1
48840,1
48846,1
48848,1
48850,1
48856,1
48857,1
48860,1
48869,1
48871,1
48875,1
48882,1
48895,1
48898,0
48900,1
48902,1
48906,1
48907,1
48914,1
48917,1
48926,1
48927,0
48929,1
48930,1
48934,1
48935,1
48950,1
48952,1
48959,1
48965,1
48968,1
48970,1
48971,1
48974,1
48978,1
48983,1
48986,1
48991,1
48995,1
49004,1
49011,1
49016,1
49027,1
49028,1
49031,0
49034,1
49037,1
49040,1
49053,1
49058,1
49064,1
49065,1
49071,1
49075,1
49076,1
49077,1
49079,1
49085,1
49087,1
49090,1
49096,1
49101,1
49103,1
49111,1
49128,1
49134,1
49135,1
49136,1
49141,1
49142,1
49143,1
49148,1
49149,1
49152,1
49155,1
49158,1
49160,1
49165,1
49175,1
49181,1
49187,1
49192,1
49194,1
49199,1
49216,1
49220,1
49227,1
49231,1
49237,1
49243,1
49244,1
49246,1
49249,1
49252,1
49263,1
49265,1
49268,1
49269,1
49272,1
49275,1
49283,1
49284,1
49285,1
49288,1
49289,1
49290,1
49293,1
49298,1
49307,1
49308,1
49310,1
49321,1
49325,1
49330,1
49342,1
49344,1
49351,1
49354,1
49355,1
49357,1
49358,1
49367,1
49372,1
49375,1
49382,1
49391,1
49394,1
49400,1
49402,1
49410,1
49411,1
49434,1
49437,1
49440,1
49442,1
49445,1
49447,1
49449,1
49450,1
49451,1
49456,1
49457,1
49461,1
49465,1
49467,1
49469,1
49470,1
49488,1
49489,1
49490,1
49497,1
49500,1
49502,1
49511,1
49513,1
49514,1
49516,1
49518,1
49519,1
49526,1
49527,1
49534,1
49552,1
49558,1
49565,1
49568,1
49571,1
49580,1
49587,1
49590,1
49593,1
49594,1
49595,1
49596,1
49601,1
49608,1
49613,1
49616,1
49618,1
49619,1
49622,1
49623,1
49627,1
49628,1
49630,1
49634,1
49648,1
49650,1
49654,1
49656,1
49657,1
49658,1
49665,1
49666,1
49668,1
49670,1
49672,1
49673,1
49675,1
49685,1
49686,1
49689,1
49691,1
49692,1
49695,1
49696,1
49702,1
49703,0
49706,1
49716,1
49718,1
49720,1
49730,1
49751,1
49752,1
49754,1
49756,1
49757,1
49761,1
49762,1
49765,1
49772,1
49774,1
49775,1
49779,1
49784,1
49786,1
49791,1
49793,1
49796,1
49808,1
49814,1
49818,1
49820,1
49825,1
49827,1
49828,1
49834,1
49835,1
49839,1
49841,1
49854,1
49856,0
49857,1
49876,1
49888,1
49897,1
49900,1
49901,1
49908,1
49912,1
49916,1
49918,1
49921,0
49925,1
49928,1
49932,1
49938,1
49939,1
49944,1
49950,1
49953,0
49960,1
49969,1
49971,1
49978,1
49983,1
49988,1
49990,1
49998,1
50002,1
50005,1
50010,1
50017,1
50025,1
50027,1
50031,1
50033,1
50037,1
50046,1
50050,1
50051,1
50053,1
50061,1
50062,1
50067,1
50070,1
50078,1
50079,1
50084,1
50091,1
50094,1
50095,1
50097,1
50098,1
50101,1
50106,0
50108,1
50110,1
50111,1
50116,1
50129,1
50131,1
50146,1
50158,1
50159,1
50163,1
50165,1
50166,1
50172,1
50173,1
50182,1
50188,1
50192,1
50194,1
50202,1
50205,1
50211,1
50217,1
50223,1
50225,1
50233,1
50234,1
50245,1
50249,1
50254,1
50265,1
50281,1
50290,1
50298,1
50301,1
50302,1
50303,1
50312,1
50316,1
50323,1
50328,1
50332,1
50333,1
50334,1
50336,1
50338,1
50349,1
50352,1
50368,1
50372,1
50375,1
50377,1
50380,1
50382,1
50385,1
50386,1
50391,1
50397,1
50400,1
50403,1
50404,1
50410,1
50411,1
50417,1
50428,1
50431,1
50432,1
50434,1
50435,1
50437,1
50440,1
50441,1
50444,0
50448,1
50452,1
50453,1
50456,1
50462,1
50471,1
50473,0
50474,1
50476,1
50478,1
50484,1
50493,1
50500,1
50514,1
50517,1
50518,1
50519,1
50525,1
50526,1
50530,1
50533,1
50538,1
50545,1
50551,0
50554,1
50558,1
50559,1
50561,1
50564,1
50565,1
50573,1
50575,1
50576,1
50582,1
50586,1
50587,1
50589,1
50590,1
50592,1
50595,1
50600,1
50607,1
50621,1
50626,1
50634,1
50645,1
50646,1
50651,1
50659,1
50668,1
50674,1
50678,1
50684,1
50686,1
50688,1
50695,1
50703,0
50710,1
50719,1
50722,1
50723,1
50725,1
50735,1
50738,1
50752,1
50764,1
50765,1
50782,1
50785,1
50789,1
50793,0
50794,1
50796,1
50802,1
50815,1
50822,1
50826,1
50827,1
50831,1
50843,1
50850,1
50852,1
50854,1
50855,1
50860,1
50863,1
50866,1
50867,1
50875,1
50879,1
50882,1
50885,1
50888,1
50891,1
50892,1
50893,1
50894,1
50896,1
50909,1
50912,1
50917,1
50918,1
50923,1
50927,1
50928,1
50937,1
50938,1
50939,1
50948,1
50958,1
50960,1
50964,1
50965,1
50969,1
50970,1
50979,1
50983,1
50985,1
50986,1
50992,1
50994,1
50995,1
50998,1
51000,1
51003,1
51005,1
51009,1
51015,1
51020,1
51035,1
51036,1
51041,1
51043,1
51054,1
51055,1
51063,1
51065,1
51067,1
51073,1
51077,1
51078,1
51084,1
51093,1
51099,1
51100,1
51108,1
51111,1
51119,1
51125,1
51126,1
51131,0
51132,1
51142,1
51162,1
51165,1
51167,1
51169,1
51173,1
51181,1
51193,1
51198,1
51199,1
51206,1
51216,1
51218,1
51224,1
51231,1
51235,1
51236,1
51237,1
51239,1
51245,1
51251,1
51261,1
51264,1
51265,1
51268,1
51273,1
51286,1
51287,1
51304,1
51305,1
51309,0
51320,1
51321,1
51323,1
51325,1
51334,1
51341,1
51342,1
51347,1
51348,1
51351,1
51355,1
51357,1
51364,1
51365,1
51375,1
51377,1
51379,1
51381,1
51385,1
51390,1
51393,1
51397,1
51405,1
51438,1
51442,1
51445,1
51448,1
51454,1
51455,1
51464,1
51471,1
51476,1
51479,1
51486,1
51487,1
51488,1
51493,1
51505,1
51506,1
51516,1
51517,1
51521,1
51528,1
51529,1
51540,1
51541,1
51547,1
51550,1
51551,1
51554,1
51559,1
51560,1
51565,1
51571,1
51575,1
51581,1
51583,1
51587,1
51591,1
51592,1
51600,1
51606,1
51610,1
51616,1
51622,1
51626,1
51634,1
51636,1
51640,1
51641,1
51642,1
51646,1
51653,1
51666,1
51671,1
51672,1
51673,1
51675,1
51683,1
51686,1
51690,1
51691,1
51696,1
51697,1
51699,1
51712,1
51727,1
51735,1
51741,1
51742,1
51748,1
51751,1
51754,1
51756,1
51758,1
51763,1
51765,1
51768,1
51779,1
51791,1
51798,1
51799,1
51801,1
51809,1
51815,0
51817,1
51823,1
51828,1
51830,1
51840,1
51845,1
51848,1
51850,1
51856,1
51857,1
51858,1
51865,1
51868,1
51870,1
51872,1
51882,1
51885,1
51889,1
51891,1
51892,1
51894,1
51903,1
51910,1
51918,1
51921,1
51923,1
51933,1
51939,1
51942,1
51949,1
51954,1
51957,1
51959,1
51960,1
51972,1
51976,1
51977,1
51978,1
51982,1
51985,1
51987,1
51988,1
51989,1
51990,1
51998,1
52002,1
52005,1
52009,1
52011,1
52015,1
52016,1
52018,1
52020,1
52024,1
52025,1
52036,1
52038,1
52039,1
52045,1
52056,1
52058,1
52060,1
52066,1
52067,1
52074,1
52076,1
52081,1
52082,1
52086,1
52087,1
52094,1
52096,1
52106,1
52113,1
52124,1
52127,1
52132,1
52139,1
52153,1
52162,1
52164,1
52169,1
52171,1
52177,1
52178,1
52184,1
52185,1
52198,1
52200,1
52207,1
52219,1
52226,1
52229,1
52238,1
52239,1
52246,1
52251,1
52255,1
52260,1
52262,1
52266,1
52268,1
52272,1
52274,1
52280,1
52286,1
52288,1
52290,1
52291,1
52296,1
52298,1
52304,1
52308,1
52313,1
52319,1
52321,1
52326,1
52349,1
52350,1
52356,1
52358,1
52361,1
52364,1
52367,1
52373,1
52374,1
52383,1
52389,1
52390,1
52391,1
52394,1
52400,1
52402,1
52403,1
52411,1
52416,1
52420,1
52426,1
52427,1
52429,1
52434,1
52437,1
52440,1
52441,1
52442,1
52449,1
52456,1
52457,1
52464,1
52467,1
52469,1
52473,1
52481,1
52485,1
52486,1
52492,1
52493,1
52495,1
52496,1
52497,1
52504,1
52506,1
52508,1
52511,1
52514,1
52533,1
52534,1
52538,1
52539,1
52546,1
52548,1
52556,1
52558,1
52560,1
52562,1
52574,1
52581,1
52582,1
52583,1
52584,1
52590,1
52595,1
52596,1
52598,1
52600,1
52609,1
52611,1
52613,1
52617,1
52627,1
52628,1
52632,0
52634,1
52642,1
52646,1
52647,1
52655,1
52657,0
52659,1
52662,1
52666,1
52682,1
52684,1
52688,1
52697,1
52702,1
52704,1
52706,1
52716,1
52717,1
52718,1
52723,1
52725,1
52727,1
52730,1
52734,1
52740,1
52742,1
52744,1
52747,1
52754,1
52764,1
52767,1
52775,1
52780,1
52781,1
52784,1
52798,1
52805,1
52807,1
52812,1
52814,1
52819,1
52822,1
52826,1
52827,1
52830,1
52834,1
52835,1
52838,1
52841,1
52843,1
52848,1
52852,1
52854,1
52856,1
52862,1
52865,1
52871,1
52873,1
52876,1
52882,1
52888,1
52891,1
52896,1
52898,1
52900,0
52908,1
52914,1
52933,1
52940,1
52942,1
52953,1
52962,1
52965,1
52966,1
52970,1
52971,1
52974,1
52979,1
52984,1
52992,1
52998,1
53006,1
53009,1
53010,1
53017,1
53022,1
53023,1
53031,1
53033,1
53036,1
53039,1
53041,1
53042,1
53047,1
53048,1
53050,1
53051,1
53053,1
53058,1
53062,1
53071,1
53074,1
53079,1
53086,1
53089,1
53091,1
53117,1
53119,1
53124,1
53126,1
53140,1
53142,1
53146,1
53147,1
53150,0
53153,1
53155,1
53156,1
53157,1
53166,1
53167,1
53169,1
53173,1
53176,1
53184,1
53187,1
53189,1
53191,1
53198,1
53199,1
53210,1
53215,1
53216,1
53222,1
53227,1
53230,1
53236,1
53247,1
53251,1
53277,1
53281,1
53282,1
53285,1
53288,1
53289,1
53294,1
53295,0
53296,1
53299,1
53307,1
53317,1
53321,1
53322,1
53327,1
53328,1
53329,1
53338,1
53339,1
53340,1
53343,1
53349,1
53350,1
53352,1
53354,1
53360,1
53369,1
53370,1
53373,1
53376,1
53378,1
53380,1
53381,1
53394,0
53396,1
53398,1
53400,1
53404,1
53413,1
53414,1
53421,1
53422,1
53424,1
53426,1
53427,1
53428,1
53431,1
53446,1
53458,1
53462,1
53465,1
53470,1
53471,1
53478,1
53481,1
53487,1
53491,1
53492,1
53493,1
53495,1
53500,1
53516,1
53522,1
53523,1
53526,1
53531,1
53532,1
53541,1
53549,1
53555,0
53557,1
53559,1
53564,1
53566,1
53567,1
53569,1
53570,0
53574,1
53576,1
53577,1
53579,1
53580,1
53585,1
53589,1
53593,1
53595,1
53597,1
53599,1
53607,1
53614,1
53621,1
53622,1
53639,1
53641,1
53644,1
53645,1
53651,1
53658,1
53660,1
53662,1
53665,1
53672,0
53675,1
53677,1
53682,1
53683,1
53688,1
53705,1
53715,1
53717,1
53722,1
53732,1
53734,1
53739,1
53740,1
53741,1
53745,1
53747,1
53750,1
53754,1
53760,1
53769,1
53776,1
53783,1
53784,1
53786,1
53789,1
53797,1
53800,1
53808,1
53812,1
53816,1
53818,1
53819,1
53821,1
53824,1
53825,1
53829,1
53834,1
53840,1
53845,1
53846,1
53853,1
53857,1
53865,1
53868,1
53873,1
53874,1
53876,1
53885,1
53889,1
53892,1
53895,1
53902,1
53905,1
53913,1
53918,1
53920,1
53921,1
53939,1
53945,1
53947,1
53949,1
53960,1
53961,1
53964,1
53973,1
53975,1
53977,1
53978,1
53986,1
53992,1
53994,1
54003,1
54004,1
54009,1
54010,1
54012,1
54013,1
54014,1
54016,1
54022,1
54052,1
54057,1
54059,1
54061,1
54067,1
54069,1
54073,1
54074,1
54087,1
54103,1
54107,1
54110,1
54116,1
54117,1
54120,1
54125,1
54130,1
54132,1
54138,1
54143,1
54147,1
54154,1
54163,1
54168,1
54170,1
54171,1
54185,1
54191,1
54194,1
54196,1
54198,1
54204,1
54212,1
54217,1
54241,1
54244,1
54246,1
54250,1
54251,0
54253,1
54255,1
54259,1
54265,1
54269,1
54274,1
54282,1
54286,1
54287,1
54288,1
54295,1
54299,0
54308,1
54312,1
54318,1
54330,1
54343,1
54344,1
54346,1
54347,1
54348,1
54356,1
54367,1
54369,1
54374,1
54378,1
54381,1
54384,1
54387,1
54403,1
54407,1
54409,1
54410,1
54420,1
54427,1
54432,1
54435,1
54438,1
54440,1
54445,1
54450,1
54454,1
54455,1
54472,1
54484,1
54486,1
54493,1
54494,1
54500,1
54502,1
54505,1
54506,1
54507,1
54508,1
54518,1
54520,1
54528,1
54529,1
54534,1
54537,1
54538,1
54542,1
54543,1
54556,1
54563,1
54569,1
54576,1
54577,1
54583,1
54584,1
54585,1
54586,1
54589,1
54590,1
54591,1
54592,1
54593,1
54601,1
54604,1
54606,1
54614,1
54624,1
54626,1
54634,1
54635,1
54636,1
54641,1
54646,1
54649,1
54660,1
54666,1
54667,1
54681,1
54685,1
54689,1
54695,1
54696,1
54713,1
54719,1
54722,1
54727,1
54730,1
54731,1
54733,1
54736,1
54738,1
54742,1
54750,1
54751,1
54765,1
54766,1
54770,1
54771,1
54786,1
54787,1
54790,1
54798,1
54800,1
54802,1
54812,1
54814,1
54816,0
54820,1
54823,1
54827,1
54830,1
54831,1
54844,1
54845,1
54850,1
54852,1
54853,1
54857,1
54869,1
54871,1
54872,1
54876,1
54881,1
54882,1
54883,1
54887,1
54888,1
54894,1
54898,1
54899,1
54908,1
54912,1
54913,1
54925,1
54931,1
54932,1
54934,1
54935,1
54937,1
54941,1
54942,1
54943,1
54950,1
54956,1
54959,1
54961,1
54963,1
54966,1
54973,1
54978,1
54995,1
54996,1
55004,1
55014,1
55015,1
55017,1
55021,1
55022,1
55023,1
55024,1
55027,1
55046,1
55049,1
55056,0
55059,1
55065,1
55068,1
55075,1
55082,1
55083,1
55085,1
55091,1
55100,1
55111,1
55113,1
55118,1
55119,1
55139,1
55140,1
55145,1
55151,1
55154,1
55170,1
55171,1
55173,1
55179,1
55186,1
55190,1
55205,1
55206,1
55207,1
55211,1
55216,1
55217,1
55218,1
55226,1
55230,1
55244,1
55250,1
55255,1
55256,1
55257,1
55263,1
55267,1
55269,1
55271,1
55272,1
55275,1
55276,1
55277,1
55281,1
55282,1
55284,1
55286,1
55295,1
55301,1
55303,1
55304,1
55307,1
55310,1
55311,1
55312,1
55318,1
55321,0
55323,1
55324,1
55327,1
55329,1
55332,1
55344,1
55348,1
55354,1
55355,1
55360,1
55362,1
55365,1
55373,1
55374,1
55377,1
55385,1
55396,1
55401,1
55402,1
55405,1
55410,1
55416,1
55417,1
55422,1
55423,1
55428,1
55430,1
55431,1
55432,1
55433,1
55435,1
55440,1
55454,1
55457,1
55462,1
55463,0
55479,1
55480,1
55481,1
55485,1
55490,1
55496,1
55497,1
55499,1
55510,1
55513,1
55517,1
55521,1
55522,1
55523,1
55525,1
55527,1
55528,1
55540,1
55543,1
55547,1
55549,1
55551,0
55558,1
55563,1
55568,1
55573,1
55576,1
55581,1
55585,1
55593,1
55597,1
55601,1
55603,1
55605,0
55607,1
55610,1
55612,1
55626,1
55627,1
55633,1
55634,1
55635,1
55639,1
55640,1
55644,1
55645,1
55650,1
55651,1
55656,1
55659,1
55660,1
55667,1
55669,1
55671,1
55684,1
55686,1
55687,1
55694,1
55701,1
55702,1
55710,1
55714,1
55720,1
55722,1
55726,1
55729,1
55731,1
55740,1
55745,1
55746,1
55753,1
55766,1
55769,1
55770,1
55773,1
55776,1
55781,1
55785,1
55788,1
55789,1
55793,1
55795,1
55807,1
55809,1
55810,1
55819,1
55827,1
55834,1
55835,1
55841,1
55844,1
55845,1
55849,1
55858,1
55862,1
55867,1
55869,1
55877,0
55882,1
55887,1
55890,1
55891,1
55892,0
55894,1
55899,1
55902,1
55910,1
55911,1
55918,1
55924,1
55926,1
55928,1
55929,1
55931,1
55937,1
55939,1
55944,1
55948,1
55955,1
55958,1
55961,1
55963,1
55965,1
55966,1
55969,1
55971,1
55972,1
55983,1
55989,1
55992,1
55993,1
55997,1
56006,1
56009,1
56011,1
56014,1
56016,1
56018,1
56022,1
56023,1
56025,1
56031,1
56034,1
56038,1
56039,1
56042,1
56045,1
56047,1
56048,1
56056,1
56058,1
56060,1
56061,1
56062,1
56067,1
56079,1
56086,1
56087,1
56095,1
56102,1
56122,1
56129,1
56132,1
56145,1
56146,1
56157,1
56159,1
56160,1
56161,1
56163,1
56168,1
56173,1
56174,1
56175,1
56181,1
56183,1
56187,1
56189,1
56190,1
56243,1
56254,1
56255,1
56256,1
56258,1
56269,1
56270,1
56274,1
56280,1
56290,1
56294,1
56301,1
56308,1
56312,1
56317,1
56318,1
56324,1
56325,1
56330,1
56333,1
56334,1
56338,1
56340,1
56345,1
56351,1
56354,1
56358,1
56359,0
56375,1
56383,1
56384,1
56385,1
56386,1
56388,1
56389,1
56394,1
56399,1
56402,1
56403,1
56410,1
56412,1
56417,1
56418,1
56423,1
56424,1
56426,1
56427,1
56433,1
56440,1
56446,1
56451,1
56452,1
56456,1
56461,1
56472,1
56473,1
56475,1
56478,1
56484,0
56486,1
56493,1
56495,1
56499,1
56505,1
56506,1
56525,1
56527,1
56530,1
56533,1
56534,1
56535,1
56536,1
56538,0
56543,1
56545,1
56547,1
56550,1
56568,1
56570,1
56575,1
56576,1
56577,1
56578,1
56582,1
56583,1
56584,1
56585,1
56586,1
56590,1
56592,1
56593,1
56595,1
56603,1
56608,1
56610,1
56611,1
56613,1
56615,1
56618,1
56619,1
56643,1
56655,1
56662,1
56665,1
56666,1
56670,1
56671,1
56672,1
56674,1
56677,1
56679,1
56680,1
56681,1
56689,1
56690,1
56693,1
56700,1
56708,1
56709,1
56718,1
56720,1
56725,1
56727,1
56729,1
56733,1
56734,1
56741,1
56747,1
56748,1
56749,1
56753,1
56755,1
56756,1
56757,1
56762,1
56765,1
56770,1
56773,1
56778,1
56787,1
56790,1
56804,1
56807,1
56811,1
56812,1
56813,1
56815,1
56818,1
56841,1
56847,1
56849,1
56859,1
56865,1
56867,1
56874,1
56878,1
56887,1
56893,1
56894,1
56900,1
56901,1
56906,1
56908,1
56911,1
56915,1
56916,1
56918,1
56931,1
56939,1
56944,0
56949,1
56951,1
56954,1
56955,1
56956,1
56958,1
56982,1
56988,1
56992,1
56993,1
56996,1
57002,1
57011,1
57025,1
57029,1
57038,1
57040,1
57049,1
57050,0
57053,1
57075,1
57081,1
57082,1
57088,1
57091,1
57094,1
57096,1
57100,1
57109,1
57115,1
57116,1
57124,1
57132,1
57137,1
57144,1
57145,1
57146,1
57148,1
57162,1
57165,1
57184,1
57185,1
57187,1
57190,1
57192,1
57194,1
57205,1
57207,1
57211,1
57214,1
57220,1
57221,1
57223,1
57238,1
57239,1
57246,1
57252,1
57254,1
57258,1
57259,1
57260,1
57263,1
57266,1
57267,1
57276,1
57282,1
57284,1
57289,1
57304,1
57313,1
57319,1
57323,1
57331,1
57343,1
57345,1
57346,1
57349,1
57357,1
57359,1
57362,1
57371,1
57372,1
57373,1
57374,1
57379,1
57380,1
57383,1
57389,1
57390,1
57392,1
57394,1
57401,1
57404,1
57414,1
57416,1
57425,1
57430,1
57431,1
57438,1
57443,1
57447,1
57449,1
57451,1
57453,1
57455,1
57458,1
57462,1
57464,1
57465,1
57466,1
57467,1
57469,1
57481,1
57483,1
57486,1
57503,1
57505,1
57507,1
57509,1
57518,1
57524,1
57525,1
57528,1
57531,1
57543,1
57553,1
57556,1
57557,1
57560,1
57562,1
57565,1
57569,1
57574,1
57578,1
57580,1
57581,1
57590,1
57594,1
57595,1
57596,1
57601,1
57604,1
57606,1
57608,1
57623,1
57624,1
57627,1
57629,0
57635,1
57655,1
57659,1
57677,1
57678,1
57685,1
57689,1
57691,1
57697,1
57704,1
57705,1
57717,1
57723,1
57726,1
57731,1
57732,0
57734,0
57737,1
57739,1
57742,1
57747,1
57752,1
57779,1
57781,1
57783,1
57789,1
57795,1
57806,1
57809,1
57818,1
57825,1
57829,1
57842,1
57849,1
57852,1
57865,1
57871,1
57873,1
57881,1
57883,1
57902,1
57903,1
57906,1
57912,1
57915,1
57917,1
57921,1
57926,1
57932,1
57933,1
57940,1
57950,1
57953,1
57956,1
57961,1
57965,1
57971,1
57973,1
57978,1
57982,1
57983,1
57986,1
57988,1
57989,1
57998,1
58003,1
58005,1
58006,1
58010,1
58030,1
58032,1
58035,1
58039,1
58040,1
58041,1
58053,1
58055,1
58056,1
58072,1
58073,1
58076,1
58077,1
58079,1
58080,1
58081,1
58083,0
58087,1
58093,1
58097,1
58100,1
58102,1
58105,1
58108,1
58109,1
58113,1
58122,1
58128,1
58133,1
58134,1
58139,1
58151,1
58154,1
58155,0
58158,1
58162,1
58163,1
58164,1
58168,1
58169,1
58173,1
58184,1
58186,1
58190,1
58195,1
58202,1
58206,1
58213,1
58215,1
58217,1
58219,1
58221,1
58225,1
58227,1
58233,1
58240,1
58243,1
58247,1
58249,1
58265,1
58270,1
58272,1
58274,1
58277,1
58278,1
58287,1
58293,1
58296,1
58298,1
58300,1
58301,1
58304,1
58309,1
58311,1
58332,1
58333,1
58335,1
58347,1
58350,1
58357,1
58358,1
58363,1
58366,1
58371,1
58381,1
58382,1
58383,1
58387,1
58394,1
58397,1
58401,1
58403,1
58406,1
58412,1
58419,1
58424,1
58431,1
58441,1
58446,1
58450,1
58453,1
58458,1
58465,1
58477,1
58483,1
58485,1
58487,1
58494,1
58496,1
58503,1
58511,1
58512,1
58515,1
58518,1
58525,1
58529,1
58532,1
58546,1
58547,1
58548,1
58550,1
58556,1
58562,1
58565,1
58569,1
58578,1
58585,1
58588,1
58598,1
58600,1
58608,1
58611,1
58614,1
58620,1
58622,1
58623,1
58633,1
58636,1
58638,1
58641,1
58644,1
58658,1
58660,1
58661,1
58665,1
58666,1
58677,1
58679,1
58683,1
58687,1
58689,1
58694,1
58695,1
58701,1
58712,1
58715,1
58716,1
58721,1
58723,1
58725,1
58727,1
58736,1
58739,1
58743,1
58745,1
58770,1
58775,1
58779,1
58786,1
58788,1
58790,1
58798,1
58803,1
58804,1
58808,1
58809,0
58810,1
58811,1
58813,1
58817,1
58822,1
58826,1
58827,1
58828,1
58838,1
58839,1
58841,1
58842,1
58843,1
58849,1
58852,1
58858,1
58859,1
58863,1
58865,1
58869,1
58872,1
58874,1
58882,1
58885,1
58887,1
58891,1
58904,1
58911,1
58913,1
58915,1
58916,1
58921,1
58926,1
58928,1
58938,1
58943,1
58944,1
58947,1
58952,1
58956,1
58958,1
58960,1
58961,1
58966,1
58970,1
58971,1
58977,1
58980,1
58985,1
58986,1
58989,1
58990,1
58996,1
58999,1
59003,1
59004,1
59006,1
59011,1
59013,1
59015,1
59025,1
59026,1
59027,1
59029,1
59038,1
59040,1
59042,1
59043,1
59059,1
59061,1
59062,1
59068,1
59075,1
59076,1
59078,1
59081,1
59082,1
59086,1
59087,1
59091,1
59096,1
59106,1
59109,1
59121,1
59122,1
59125,1
59128,1
59133,1
59137,1
59142,1
59144,1
59155,1
59171,1
59174,1
59176,1
59181,1
59182,1
59187,1
59193,1
59196,1
59200,1
59204,1
59205,1
59206,1
59213,1
59220,1
59221,1
59224,1
59227,1
59228,1
59232,1
59242,1
59246,1
59253,1
59257,1
59265,1
59272,1
59283,1
59285,1
59288,1
59296,1
59300,1
59301,1
59304,1
59306,1
59311,1
59312,1
59317,1
59318,1
59324,1
59329,1
59332,1
59334,1
59340,1
59342,1
59349,1
59350,1
59352,1
59354,1
59365,1
59370,1
59377,1
59386,1
59392,1
59397,1
59398,1
59400,1
59402,1
59406,1
59411,1
59416,1
59419,1
59421,1
59422,1
59424,1
59436,1
59441,1
59443,1
59447,1
59451,1
59454,1
59456,1
59457,1
59458,1
59471,1
59473,1
59478,1
59480,1
59485,1
59487,1
59488,1
59494,1
59498,1
59501,1
59502,1
59512,1
59515,1
59518,1
59520,1
59522,1
59528,1
59539,1
59540,1
59541,1
59559,1
59562,0
59569,1
59584,1
59586,1
59590,1
59592,1
59595,1
59601,0
59606,1
59608,1
59610,1
59614,1
59620,1
59622,1
59624,1
59627,1
59632,1
59634,1
59642,1
59643,1
59648,1
59649,1
59654,1
59663,1
59668,1
59676,1
59677,1
59678,1
59692,1
59695,1
59696,1
59697,1
59706,1
59708,1
59711,1
59713,1
59715,1
59726,1
59730,1
59733,1
59734,1
59738,1
59743,1
59750,1
59758,1
59772,1
59774,1
59778,1
59790,1
59792,1
59801,1
59802,1
59803,1
59817,1
59819,1
59830,1
59832,1
59834,1
59835,1
59836,1
59841,1
59843,1
59844,1
59848,1
59850,1
59852,1
59866,1
59870,1
59878,1
59880,1
59881,1
59893,1
59894,1
59896,1
59901,1
59903,1
59905,1
59909,1
59911,1
59913,1
59918,1
59928,1
59934,1
59940,1
59944,1
59945,1
59951,1
59952,1
59953,1
59954,1
59958,1
59960,1
59962,1
59977,1
59978,1
59983,1
59984,1
59989,1
59992,1
59994,1
59996,1
60001,1
60005,1
60007,1
60008,1
60009,1
60011,1
60013,1
60014,1
60016,1
60017,1
60021,1
60023,1
60032,1
60040,1
60044,1
60045,1
60046,1
60065,1
60068,1
60071,1
60072,1
60085,1
60086,1
60091,1
60100,1
60104,1
60106,1
60108,1
60109,1
60116,1
60119,1
60133,1
60139,1
60140,1
60148,1
60159,1
60167,1
60169,1
60172,1
60174,1
60182,1
60188,1
60189,1
60191,1
60193,1
60194,1
60203,1
60204,1
60210,1
60211,1
60215,1
60219,1
60220,1
60223,1
60225,1
60231,1
60243,1
60246,1
60247,1
60251,1
60257,1
60260,1
60261,1
60270,1
60271,1
60273,1
60280,1
60283,1
60286,1
60287,1
60293,1
60294,1
60296,1
60307,1
60311,1
60316,1
60323,1
60340,1
60343,1
60358,1
60362,1
60365,1
60370,1
60374,1
60375,1
60377,1
60380,1
60383,1
60392,1
60398,1
60400,1
60402,1
60404,1
60410,1
60414,1
60417,1
60420,1
60421,1
60423,1
60425,1
60429,1
60436,1
60456,1
60463,1
60471,1
60478,1
60480,1
60499,1
60500,1
60501,1
60508,1
60509,1
60519,1
60529,1
60538,1
60546,1
60555,1
60562,1
60583,1
60589,1
60591,1
60592,1
60594,1
60598,1
60603,1
60605,1
60618,1
60622,1
60627,1
60633,1
60637,1
60645,1
60650,1
60652,1
60656,1
60661,1
60662,1
60668,1
60675,1
60676,1
60678,1
60684,1
60685,1
60689,1
60691,1
60696,1
60701,1
60704,1
60706,1
60710,1
60716,1
60722,1
60728,1
60729,1
60730,1
60731,1
60733,1
60736,1
60740,1
60744,1
60748,1
60755,1
60759,1
60760,1
60764,1
60769,1
60771,1
60772,1
60773,1
60778,1
60780,1
60781,1
60787,1
60792,1
60794,1
60795,1
60799,1
60801,1
60804,1
60805,1
60808,1
60813,1
60815,1
60844,1
60845,1
60856,1
60878,1
60880,1
60883,1
60884,1
60886,1
60888,1
60892,1
60894,1
60895,0
60901,1
60903,1
60908,1
60913,1
60926,1
60937,1
60939,1
60941,1
60956,1
60958,1
60963,1
60966,1
60973,1
60981,1
60984,1
60993,1
60995,1
60997,1
61006,1
61009,1
61011,1
61013,1
61017,1
61025,1
61029,1
61035,1
61036,1
61042,1
61044,1
61054,1
61055,1
61062,1
61068,1
61071,1
61074,0
61088,1
61089,1
61098,1
61099,1
61112,1
61121,1
61122,1
61131,1
61133,1
61134,1
61136,1
61137,1
61142,1
61153,1
61157,1
61158,1
61159,1
61163,1
61174,1
61179,1
61180,1
61188,1
61189,1
61190,1
61193,1
61194,1
61195,1
61196,1
61197,1
61199,1
61201,1
61202,1
61209,1
61214,1
61218,1
61220,1
61221,1
61229,1
61231,1
61232,1
61238,1
61241,1
61243,1
61244,1
61246,1
61247,1
61256,1
61260,1
61262,1
61263,1
61271,1
61278,1
61284,1
61290,1
61292,1
61293,1
61302,1
61304,1
61306,1
61308,1
61319,1
61329,1
61332,1
61338,1
61341,1
61344,1
61349,1
61353,1
61369,1
61376,1
61381,1
61382,1
61387,1
61391,1
61397,1
61398,1
61407,1
61417,1
61421,1
61423,1
61426,1
61427,1
61429,1
61435,1
61436,1
61439,1
61446,1
61452,1
61456,1
61462,1
61469,1
61471,1
61477,1
61489,1
61490,1
61492,1
61495,1
61500,1
61514,1
61515,1
61523,1
61525,1
61529,1
61530,1
61532,1
61534,1
61543,1
61544,1
61547,1
61549,1
61550,1
61554,1
61558,1
61561,1
61568,1
61575,1
61582,1
61586,1
61587,1
61594,1
61599,1
61602,1
61604,1
61615,1
61625,1
61638,1
61640,1
61641,1
61642,1
61643,1
61657,1
61667,1
61669,1
61681,1
61687,1
61690,1
61698,1
61709,1
61717,1
61719,1
61727,1
61732,1
61736,1
61738,1
61740,1
61745,1
61749,1
61752,1
61754,1
61763,1
61775,1
61790,1
61792,1
61804,1
61814,1
61817,1
61818,1
61822,1
61823,1
61826,1
61829,1
61832,1
61837,1
61843,1
61847,1
61856,1
61863,1
61871,1
61872,1
61880,1
61889,1
61895,1
61898,1
61901,1
61903,1
61906,1
61907,1
61908,1
61921,1
61923,1
61930,1
61942,1
61948,1
61955,1
61957,1
61966,1
61968,1
61972,1
61977,1
61978,1
61994,1
61995,1
62008,1
62011,1
62013,1
62024,1
62025,1
62031,1
62033,1
62034,1
62040,1
62042,1
62043,1
62044,1
62045,1
62051,1
62062,1
62063,1
62064,1
62071,1
62073,1
62079,1
62080,1
62094,1
62098,1
62104,1
62110,1
62115,1
62116,1
62118,1
62120,1
62131,1
62151,1
62153,1
62160,1
62164,1
62168,1
62169,1
62172,1
62174,1
62178,1
62189,1
62193,1
62203,1
62211,1
62216,1
62218,1
62222,1
62227,1
62235,1
62239,1
62248,1
62257,1
62273,1
62279,1
62282,1
62286,1
62291,1
62296,1
62299,1
62301,1
62304,1
62310,1
62313,1
62315,1
62321,1
62323,1
62325,1
62326,1
62329,1
62337,1
62345,0
62352,1
62353,1
62360,1
62365,1
62366,1
62368,1
62372,1
62380,1
62390,1
62392,1
62393,1
62394,1
62397,1
62398,1
62403,1
62406,1
62409,1
62412,1
62416,1
62418,1
62420,1
62427,1
62434,1
62438,1
62448,1
62452,1
62453,1
62459,1
62460,1
62461,1
62462,1
62466,0
62467,1
62473,1
62476,1
62479,1
62481,1
62482,1
62483,1
62485,1
62491,1
62494,1
62497,1
62504,1
62505,1
62512,1
62519,1
62529,1
62537,1
62538,1
62541,1
62547,1
62558,1
62560,1
62568,1
62569,1
62571,1
62575,1
62577,1
62581,1
62587,1
62598,1
62607,1
62609,1
62620,1
62622,1
62629,1
62638,1
62642,1
62643,1
62645,1
62653,1
62654,1
62660,1
62664,1
62668,1
62672,1
62674,1
62690,0
62691,1
62695,1
62740,1
62741,1
62762,1
62778,1
62782,1
62784,1
62795,1
62798,1
62802,1
62806,1
62808,1
62819,1
62820,1
62831,1
62838,1
62840,1
62843,1
62846,1
62847,1
62850,1
62851,1
62856,1
62878,1
62894,1
62895,0
62901,1
62910,1
62912,1
62915,1
62920,1
62924,1
62931,1
62933,1
62935,1
62937,1
62942,1
62947,1
62952,1
62962,1
62963,1
62972,1
62975,1
62976,1
62982,1
62993,1
63000,1
63006,1
63008,1
63012,1
63019,1
63043,1
63056,0
63059,1
63064,1
63067,1
63068,1
63071,1
63073,1
63074,1
63103,1
63115,1
63116,1
63118,1
63120,1
63145,1
63151,1
63156,1
63158,1
63161,1
63167,1
63168,1
63171,1
63180,1
63184,1
63186,1
63187,1
63200,1
63201,1
63206,1
63208,1
63210,1
63219,1
63226,1
63227,1
63238,1
63240,1
63242,1
63247,1
63251,1
63255,1
63257,1
63265,1
63268,1
63269,1
63271,1
63275,1
63278,1
63285,1
63287,1
63290,1
63293,1
63294,1
63302,1
63305,1
63307,1
63312,1
63313,1
63314,1
63315,1
63320,1
63323,1
63326,1
63327,1
63332,1
63334,1
63335,1
63341,1
63344,1
63347,1
63353,1
63361,1
63362,0
63365,1
63367,1
63368,1
63369,1
63381,1
63386,1
63388,1
63389,1
63391,1
63392,1
63398,1
63400,1
63401,1
63403,1
63405,1
63412,1
63417,1
63419,1
63421,1
63426,1
63427,1
63428,1
63430,1
63437,1
63439,1
63441,1
63442,1
63444,1
63449,1
63458,1
63459,1
63464,1
63467,1
63472,1
63477,1
63479,1
63480,1
63493,1
63496,1
63503,1
63505,1
63511,1
63512,1
63519,1
63524,1
63526,1
63533,1
63538,1
63547,1
63548,1
63553,1
63557,1
63563,1
63573,1
63576,0
63583,1
63585,1
63587,1
63588,1
63596,1
63601,1
63603,1
63605,1
63606,1
63609,1
63610,1
63615,1
63637,1
63647,1
63658,1
63659,1
63667,1
63670,1
63677,1
63680,1
63683,1
63684,1
63686,1
63687,1
63688,1
63692,1
63694,1
63699,1
63705,1
63709,1
63715,1
63719,1
63720,1
63725,1
63729,1
63730,1
63734,1
63739,1
63740,1
63748,1
63749,1
63754,1
63757,1
63766,1
63771,1
63773,1
63775,1
63776,1
63777,1
63782,1
63783,0
63785,1
63787,1
63788,1
63790,1
63792,1
63796,1
63797,1
63802,1
63804,1
63812,1
63816,1
63818,1
63823,1
63826,1
63835,1
63838,1
63839,1
63848,1
63849,1
63852,0
63859,1
63867,1
63869,1
63872,1
63873,1
63875,1
63876,1
63882,1
63895,1
63900,1
63905,1
63913,1
63920,1
63925,1
63928,1
63929,1
63934,1
63936,1
63937,1
63938,1
63941,1
63953,1
63959,1
63965,1
63993,1
63995,1
63996,1
64002,1
64008,1
64019,1
64020,1
64030,1
64031,1
64037,1
64043,1
64045,1
64049,1
64052,1
64056,1
64064,1
64069,1
64078,1
64083,1
64085,1
64089,1
64090,1
64094,1
64098,1
64102,1
64103,1
64114,1
64118,1
64120,1
64121,1
64133,1
64136,1
64147,1
64148,1
64149,1
64151,1
64152,1
64164,1
64175,1
64177,1
64182,1
64188,1
64206,1
64219,1
64221,1
64229,1
64233,1
64238,1
64243,1
64253,1
64263,1
64269,1
64272,0
64285,1
64292,1
64293,1
64300,1
64302,1
64303,1
64322,1
64325,1
64330,1
64340,1
64344,1
64345,1
64346,1
64350,1
64351,0
64353,1
64356,1
64357,1
64370,1
64371,1
